Symbol,Date,Open,High,Low,Close,Volume
AAL,25-Feb-2016,40.76,41.38,40.41,41.36,6936400
AAME,25-Feb-2016,4.34,4.34,4.21,4.3,1700
AAOI,25-Feb-2016,16,17,15.01,16.89,1010000
AAON,25-Feb-2016,22.82,24.76,22.8,24.42,343200
AAPL,25-Feb-2016,96.05,96.76,95.25,96.76,27582600
AAWW,25-Feb-2016,36.54,37,36.12,36.41,440200
AAXJ,25-Feb-2016,48.89,49.3,48.67,49.28,521100
AAXN,25-Feb-2016,17.2,17.37,16.84,17.21,980100
ABCB,25-Feb-2016,26.38,26.64,26.22,26.57,64500
ABEO,25-Feb-2016,2.44,2.46,2.26,2.3,42200
ABIO,25-Feb-2016,64.26,68.58,63.18,64.08,140700
ABMD,25-Feb-2016,81.2,82.38,81,82,533900
ABTX,25-Feb-2016,17.52,17.91,17.02,17.5,7600
ABUS,25-Feb-2016,3.1,3.13,2.97,2.99,63000
ACAD,25-Feb-2016,19.14,19.76,18.14,18.48,1743800
ACBI,25-Feb-2016,12.51,12.52,12.44,12.48,52100
ACGL,25-Feb-2016,23.07,23.16,22.9033,23.0267,469300
ACHC,25-Feb-2016,55.81,57.15,54,55.28,669200
ACIW,25-Feb-2016,18.1,18.48,16.02,17.98,1509500
ACLS,25-Feb-2016,10.12,10.12,9.68,10,289600
ACNB,25-Feb-2016,22.42,22.5,22.38,22.46,8000
ACOR,25-Feb-2016,33.88,34.78,33,33.57,472500
ACRS,25-Feb-2016,18.82,19.77,18.74,18.95,55900
ACRX,25-Feb-2016,4,4,3.58,3.66,441000
ACST,25-Feb-2016,1.51,1.52,1.49,1.49,700
ACTG,25-Feb-2016,3.83,3.89,3.74,3.78,485800
ACWI,25-Feb-2016,52.2,52.62,51.97,52.61,1272100
ACWX,25-Feb-2016,36.48,36.78,36.35,36.78,1028500
ADAP,25-Feb-2016,7.51,7.98,7.5,7.67,368200
ADBE,25-Feb-2016,84.76,86.72,84.15,86.68,3284000
ADI,25-Feb-2016,53.06,53.12,51.43,52.99,2430200
ADMA,25-Feb-2016,4.6,4.6,4.37,4.39,11000
ADMP,25-Feb-2016,5.34,5.86,5.34,5.69,76900
ADMS,25-Feb-2016,12.9,13.1,12.02,12.87,388100
ADP,25-Feb-2016,86.11,86.12,84.83,85.92,1426200
ADRE,25-Feb-2016,27.02,27.06,26.7,26.94,4800
ADRO,25-Feb-2016,14.64,15.17,14.24,14.52,260900
ADSK,25-Feb-2016,49.49,50.28,48.75,49.42,8672500
ADTN,25-Feb-2016,18.81,18.96,18.57,18.71,393400
ADUS,25-Feb-2016,22.1,22.75,21.75,22.73,46000
ADXS,25-Feb-2016,85.35,87.45,80.4,84.15,550200
AEGN,25-Feb-2016,18.41,18.45,17.9,18.21,200000
AEHR,25-Feb-2016,1.15,1.25,1.14,1.25,11600
AEIS,25-Feb-2016,29.56,29.96,29.43,29.59,127200
AEMD,25-Feb-2016,4.98,4.98,4.5,4.76,21400
AERI,25-Feb-2016,16.68,16.88,15.86,16.34,465600
AEY,25-Feb-2016,1.66,1.66,1.66,1.66,8600
AEZS,25-Feb-2016,3.2,3.26,3.1,3.12,97900
AFH,25-Feb-2016,17.28,17.6,16.96,17.56,24200
AFMD,25-Feb-2016,3.23,3.35,3.1,3.15,71300
AGEN,25-Feb-2016,2.86,2.9,2.7,2.75,1300700
AGFS,25-Feb-2016,4.31,4.55,4.21,4.36,118900
AGFSW,25-Feb-2016,0.7,0.7,0.51,0.65,81100
AGIO,25-Feb-2016,38.24,40,36.3,37.09,725300
AGNC,25-Feb-2016,17.99,18.17,17.95,18.11,4834700
AGNCP,25-Feb-2016,25.21,25.35,25.21,25.3,3000
AGRX,25-Feb-2016,6.14,6.19,5.72,5.86,26400
AGTC,25-Feb-2016,14.87,15.28,13.74,13.99,206000
AGYS,25-Feb-2016,10.35,10.68,10.34,10.5,34900
AGZD,25-Feb-2016,47.15,47.15,46.91,47.1,2500
AHPI,25-Feb-2016,0.68,0.7,0.68,0.7,99800
AIA,25-Feb-2016,38.84,39.11,38.71,39.11,7100
AIMC,25-Feb-2016,23.86,23.95,23.43,23.74,83800
AIMT,25-Feb-2016,16.33,17.48,16.04,16.2,184100
AINV,25-Feb-2016,14.43,14.73,14.28,14.61,1234700
AIQ,25-Feb-2016,7.23,7.4,7.19,7.35,7700
AIRR,25-Feb-2016,15.34,15.44,15.25,15.44,59200
AIRT,25-Feb-2016,25.22,25.22,25.22,25.22,600
AKAM,25-Feb-2016,54.92,55,54.15,54.96,2554500
AKBA,25-Feb-2016,7.46,7.68,7.22,7.45,104800
AKER,25-Feb-2016,1.68,1.68,1.46,1.55,5200
AKTX,25-Feb-2016,10,10.03,9.68,9.68,2000
ALCO,25-Feb-2016,23.61,23.8,23.19,23.53,11300
ALDX,25-Feb-2016,3.66,3.76,3.58,3.58,11700
ALGN,25-Feb-2016,63.5,64.5,62.25,64.46,354300
ALGT,25-Feb-2016,165,169.75,163.19,169.3,131400
ALIM,25-Feb-2016,2.22,2.39,2.14,2.24,40500
ALKS,25-Feb-2016,35.02,36.6,33.68,33.97,2055700
ALLT,25-Feb-2016,4.58,4.62,4.49,4.51,92100
ALNY,25-Feb-2016,58.96,60.23,55.94,56.86,882700
ALOT,25-Feb-2016,13.1,13.86,13.1,13.18,1500
ALRM,25-Feb-2016,17.25,17.94,16.91,17.72,231500
ALSK,25-Feb-2016,1.49,1.55,1.45,1.49,38700
ALTY,25-Feb-2016,13.09,13.15,13.09,13.15,600
ALXN,25-Feb-2016,142.09,144.99,139.03,140.54,1349200
AMAG,25-Feb-2016,26.67,27.43,26.16,26.89,1759000
AMAT,25-Feb-2016,18.76,18.95,18.58,18.89,10102000
AMBA,25-Feb-2016,45.41,45.5,43.13,43.58,1379400
AMCX,25-Feb-2016,70.23,70.83,64.19,66.32,2833700
AMD,25-Feb-2016,2.02,2.04,1.98,2.03,5614300
AMED,25-Feb-2016,37.38,37.95,37.22,37.62,208100
AMGN,25-Feb-2016,147.36,148.39,145.26,146.75,3446800
AMKR,25-Feb-2016,4.95,5.1,4.95,5.05,741700
AMNB,25-Feb-2016,24.85,25.15,24.77,25.07,7700
AMOT,25-Feb-2016,18.89,18.89,18.22,18.37,21600
AMPH,25-Feb-2016,11.2,11.2,10.97,11.14,107600
AMRB,25-Feb-2016,10.02,10.35,9.87,10.04,14800
AMRK,25-Feb-2016,19.5,21.25,19.5,20.84,44400
AMRN,25-Feb-2016,1.54,1.55,1.41,1.41,925300
AMRS,25-Feb-2016,21.75,23.1,21.75,22.5,70900
AMSC,25-Feb-2016,6.21,6.41,6.1,6.33,22700
AMSF,25-Feb-2016,52.84,54.48,51.68,52.81,199600
AMSWA,25-Feb-2016,9.5,9.76,9.26,9.73,68300
AMTD,25-Feb-2016,27.75,28.32,27.63,28.3,2215600
AMTX,25-Feb-2016,1.87,1.89,1.6,1.6,8400
AMWD,25-Feb-2016,70.54,73.86,67.65,68.25,370700
AMZN,25-Feb-2016,555.52,559.39,545.29,555.15,4525400
ANAT,25-Feb-2016,99.58,102.81,98.14,102.61,46200
ANDA,25-Feb-2016,9.54,9.54,9.54,9.54,0
ANDAR,25-Feb-2016,0.22,0.22,0.22,0.22,0
ANDAU,25-Feb-2016,9.84,9.9,9.84,9.9,300
ANDAW,25-Feb-2016,0.1,0.1,0.1,0.1,0
ANDE,25-Feb-2016,26.5,26.5,25.64,26.28,174300
ANGI,25-Feb-2016,8.39,8.61,8.16,8.28,370700
ANGO,25-Feb-2016,10.55,10.87,10.55,10.85,47600
ANIK,25-Feb-2016,43.6,46,42.16,43.37,787600
ANIP,25-Feb-2016,34.23,34.9,33.1,33.66,170700
ANSS,25-Feb-2016,88.38,88.38,82.45,84.22,1505500
ANY,25-Feb-2016,1.43,1.5,1.38,1.47,81200
AOSL,25-Feb-2016,11.76,11.76,11.4,11.55,212500
APDN,25-Feb-2016,2.7,2.84,2.67,2.79,64800
APEI,25-Feb-2016,15.67,15.67,13.8,15.27,54600
APOG,25-Feb-2016,39.35,39.99,38.85,39.25,293400
APPF,25-Feb-2016,11.89,12.44,11.89,11.99,77000
APPS,25-Feb-2016,1.11,1.14,1.07,1.11,73000
APTO,25-Feb-2016,3,3,2.82,2.82,2000
APWC,25-Feb-2016,1.55,1.55,1.55,1.55,0
AQMS,25-Feb-2016,5.11,5.11,4.82,4.83,25200
ARAY,25-Feb-2016,5.23,5.33,5.03,5.14,316800
ARCB,25-Feb-2016,19.71,19.99,19,19.49,182600
ARCC,25-Feb-2016,12.95,13.6,12.95,13.39,2749100
ARDX,25-Feb-2016,10.01,10.2,9.62,9.84,122900
ARKR,25-Feb-2016,20.25,20.39,20.25,20.39,500
ARLP,25-Feb-2016,10.37,10.59,10.05,10.17,338500
ARNA,25-Feb-2016,15,15.5,14.7,15,1246100
AROW,25-Feb-2016,26.17,26.43,25.94,26.39,10000
ARTNA,25-Feb-2016,29.15,29.66,28.74,29.13,13200
ARTW,25-Feb-2016,3.02,3.02,3.02,3.02,100
ARWR,25-Feb-2016,3.86,3.91,3.72,3.86,446700
ASET,25-Feb-2016,23.84,23.84,23.84,23.84,0
ASFI,25-Feb-2016,7.2,7.24,7,7.24,343400
ASMB,25-Feb-2016,5.18,5.18,4.88,4.91,21900
ASML,25-Feb-2016,89.42,89.97,88.96,89.92,316200
ASNA,25-Feb-2016,7.98,8.3,7.85,8.28,3558000
ASND,25-Feb-2016,18.04,18.3,17.88,17.88,2600
ASPS,25-Feb-2016,32.92,35.81,32.6,35.69,764900
ASRV,25-Feb-2016,3.08,3.1,3.06,3.1,6100
ASRVP,25-Feb-2016,27.82,27.82,27.82,27.82,400
ASTC,25-Feb-2016,1.41,1.41,1.33,1.35,20500
ASTE,25-Feb-2016,40.14,40.4,38.56,40.1,198900
ASUR,25-Feb-2016,5.4,5.42,5.4,5.42,600
ASYS,25-Feb-2016,4.98,5.41,4.98,5.41,9600
ATAX,25-Feb-2016,4.93,4.94,4.7,4.9,83200
ATEC,25-Feb-2016,2.28,2.4,2.28,2.4,94700
ATHX,25-Feb-2016,1.9,2,1.81,1.96,1477900
ATLC,25-Feb-2016,3.01,3.04,3.01,3.01,300
ATLO,25-Feb-2016,23.87,24.05,23.63,23.96,2000
ATNI,25-Feb-2016,76.67,76.67,72.69,73.13,93900
ATOS,25-Feb-2016,88.2,88.2,77.4,79.2,237800
ATRA,25-Feb-2016,15.44,16.5,15.21,15.67,210400
ATRC,25-Feb-2016,16.5,17.5,16.39,16.5,188600
ATRI,25-Feb-2016,378.6,387.72,377.55,385,4700
ATRO,25-Feb-2016,28.9,30.56,28.68,29.29,269600
ATRS,25-Feb-2016,1,1.02,0.96,0.99,440700
ATSG,25-Feb-2016,11.58,11.69,11.39,11.47,234400
ATVI,25-Feb-2016,31.98,32.62,31.75,32.32,8611400
AUBN,25-Feb-2016,26.01,26.08,26,26.04,1500
AUDC,25-Feb-2016,4.24,4.28,4.2,4.25,36600
AUPH,25-Feb-2016,2.11,2.25,2.05,2.11,33500
AVAV,25-Feb-2016,24.94,25.15,24.52,25.09,103100
AVEO,25-Feb-2016,1,1,0.97,1,53000
AVGO,25-Feb-2016,130.78,132.49,128.69,132.47,2565200
AVGR,25-Feb-2016,6384,6648,5848,6648,64100
AVID,25-Feb-2016,7.28,7.31,6.71,7.01,177700
AVNW,25-Feb-2016,7.8,8.4,7.8,8.4,30400
AVXL,25-Feb-2016,4.16,4.5,4.15,4.4,592900
AWRE,25-Feb-2016,3.65,3.75,3.62,3.7,29800
AXAS,25-Feb-2016,0.87,0.9,0.81,0.83,528900
AXDX,25-Feb-2016,11.58,11.72,11.14,11.42,256800
AXGN,25-Feb-2016,5.23,5.3,5.23,5.26,52500
AXSM,25-Feb-2016,8.36,8.36,7.22,7.89,54100
AXTI,25-Feb-2016,2.75,2.75,2.62,2.62,12700
AZPN,25-Feb-2016,32.72,32.92,32.22,32.79,461600
BANF,25-Feb-2016,55,56.01,54.23,55.22,34500
BANFP,25-Feb-2016,27.05,27.8,27.05,27.45,45700
BANR,25-Feb-2016,38.33,39.07,38,39.02,85600
BANX,25-Feb-2016,15.64,15.64,15.35,15.43,6300
BASI,25-Feb-2016,1.19,1.19,1.19,1.19,0
BBBY,25-Feb-2016,47.81,48.3,47.31,48.24,1730100
BBGI,25-Feb-2016,3.4,3.4,3.29,3.29,600
BBH,25-Feb-2016,101.5,102.67,100.39,101.37,75700
BBSI,25-Feb-2016,35.43,35.43,34.23,34.56,83000
BCBP,25-Feb-2016,10,10,9.75,9.82,19900
BCLI,25-Feb-2016,2.35,2.35,2.28,2.31,13400
BCOM,25-Feb-2016,27.05,27.98,26.43,27.98,7700
BCOR,25-Feb-2016,6.05,6.24,5.95,6.21,261300
BCOV,25-Feb-2016,5.89,5.97,5.68,5.87,85000
BCPC,25-Feb-2016,62.59,63.34,61.8,62.51,126800
BCRX,25-Feb-2016,1.85,2.04,1.81,1.98,1194500
BDGE,25-Feb-2016,28.51,28.74,28.38,28.64,36700
BDSI,25-Feb-2016,4.18,4.25,4.01,4.1,637000
BEAT,25-Feb-2016,12.16,12.22,11.89,12.18,104900
BECN,25-Feb-2016,34.34,36.19,34.28,36.08,690200
BELFA,25-Feb-2016,12.25,12.25,12.25,12.25,0
BELFB,25-Feb-2016,14.62,14.87,14.24,14.33,18900
BFIN,25-Feb-2016,12.04,12.25,12,12.13,37600
BGCP,25-Feb-2016,8.84,8.89,8.8,8.87,781800
BGFV,25-Feb-2016,13.2,13.7,13.1,13.58,405300
BGNE,25-Feb-2016,28.44,29.68,27.8,28.95,206000
BIB,25-Feb-2016,41.15,42.07,40.05,40.92,402900
BICK,25-Feb-2016,16.86,16.86,16.86,16.86,0
BIDU,25-Feb-2016,160.05,161.58,156,158.22,6179900
BIIB,25-Feb-2016,241.239,242.1048,238.7152,241.6535,1520200
BIOC,25-Feb-2016,3.39,3.45,3.3,3.36,73000
BIOL,25-Feb-2016,4.25,4.25,4.15,4.25,5900
BIS,25-Feb-2016,45.17,46.53,44.35,45.63,174700
BJRI,25-Feb-2016,43.5,44.22,43.16,43.55,484100
BKCC,25-Feb-2016,8.65,8.78,8.56,8.75,164100
BKEP,25-Feb-2016,4.8,4.91,4.54,4.91,54400
BKEPP,25-Feb-2016,6.06,6.18,6.06,6.15,2600
BKSC,25-Feb-2016,16.5,16.5,15.95,16.29,1300
BLBD,25-Feb-2016,8.56,8.63,8.45,8.59,20800
BLCM,25-Feb-2016,9.51,9.9,9,9.18,410300
BLDP,25-Feb-2016,1.28,1.34,1.27,1.33,575400
BLDR,25-Feb-2016,7.37,7.49,7.2,7.37,728900
BLFS,25-Feb-2016,1.86,1.86,1.71,1.75,6100
BLIN,25-Feb-2016,46,46.5,46,46,8300
BLKB,25-Feb-2016,56.54,56.8,55.92,56.64,121000
BLMN,25-Feb-2016,16.93,17.22,16.74,17.15,1735100
BLPH,25-Feb-2016,2.16,2.21,2.05,2.07,15900
BLRX,25-Feb-2016,14.55,15,14.25,14.7,75700
BLUE,25-Feb-2016,51.03,52.45,47.05,48.15,1430200
BMRC,25-Feb-2016,23.75,24.365,23.575,24.265,7700
BMRN,25-Feb-2016,76.92,78.91,74.64,76.41,1864100
BMTC,25-Feb-2016,25.37,25.47,25.26,25.4,36200
BNDX,25-Feb-2016,54,54.07,53.97,54.07,471900
BNFT,25-Feb-2016,30.95,32.23,29.02,29.68,283900
BNSO,25-Feb-2016,1.35,1.35,1.35,1.35,0
BNTC,25-Feb-2016,3.45,3.5,3.45,3.5,6500
BOCH,25-Feb-2016,5.9,5.96,5.9,5.96,9000
BOKF,25-Feb-2016,49.5,49.99,47.76,49.38,405600
BOOM,25-Feb-2016,5.6,5.69,5.35,5.37,37700
BOSC,25-Feb-2016,1.7,1.74,1.67,1.67,1500
BOTJ,25-Feb-2016,11.8,11.8,11.8,11.8,0
BPFH,25-Feb-2016,10.26,10.59,10.16,10.5,634500
BPMC,25-Feb-2016,17.13,17.13,16.09,16.86,64300
BPOP,25-Feb-2016,25.96,26.47,25.78,26.19,950600
BPOPM,25-Feb-2016,18.46,18.46,18.46,18.46,1300
BPOPN,25-Feb-2016,20.15,20.38,20.13,20.15,6800
BPTH,25-Feb-2016,320,356,320,350,117400
BREW,25-Feb-2016,8.08,8.2,8.02,8.16,12300
BRID,25-Feb-2016,9,9,9,9,0
BRKL,25-Feb-2016,10.33,10.55,10.31,10.54,193100
BRKR,25-Feb-2016,24.19,25.62,24.19,25.58,1168700
BRKS,25-Feb-2016,9.64,9.64,9.42,9.61,187700
BSET,25-Feb-2016,29.87,29.94,28.52,29.57,42400
BSQR,25-Feb-2016,4.7,4.9,4.68,4.87,100800
BSRR,25-Feb-2016,18.36,18.88,18.3,18.37,112200
BSTC,25-Feb-2016,40.1,40.3,38.37,38.73,35300
BUSE,25-Feb-2016,18.84,18.99,18.37,18.92,39100
BVXV,25-Feb-2016,3.67,3.67,3.62,3.62,200
BWEN,25-Feb-2016,1.8,1.8,1.76,1.79,11500
BWFG,25-Feb-2016,19.6,19.75,19.6,19.75,6800
BYFC,25-Feb-2016,1.59,1.62,1.48,1.6,4300
BZUN,25-Feb-2016,5.61,5.78,5.46,5.78,52300
CAAS,25-Feb-2016,4.3,4.3,4.26,4.28,4100
CAC,25-Feb-2016,38.97,39.18,38.26,38.91,39100
CACC,25-Feb-2016,201.41,202.55,187.97,194.72,187200
CAKE,25-Feb-2016,50.89,50.98,50.18,50.57,737700
CALA,25-Feb-2016,6.09,6.1,5.79,5.93,38100
CALM,25-Feb-2016,52.85,54.28,52.67,54.11,816600
CAMP,25-Feb-2016,17.83,17.87,17.46,17.55,261300
CAMT,25-Feb-2016,1.88,1.88,1.79,1.79,3600
CAPR,25-Feb-2016,23.3,26.2,23.3,25,27800
CAR,25-Feb-2016,22.06,24.52,21.73,23.76,9294500
CARA,25-Feb-2016,7.13,7.21,6.76,6.91,744500
CARV,25-Feb-2016,3.7,3.7,3.7,3.7,0
CARZ,25-Feb-2016,29.84,30.1,29.83,30.1,2700
CASH,25-Feb-2016,13.64,13.8967,13.4,13.7933,21900
CASI,25-Feb-2016,0.87,0.9,0.83,0.83,8300
CASS,25-Feb-2016,50.19,50.47,50,50.35,17100
CASY,25-Feb-2016,110.07,111.05,109.46,110.5,375100
CATB,25-Feb-2016,46.2,47.8,39.6,43,164700
CATM,25-Feb-2016,33.15,33.56,33,33.54,274400
CATY,25-Feb-2016,26.67,27.11,26.55,27.06,336300
CBAN,25-Feb-2016,8.64,8.64,8.4,8.64,3000
CBAY,25-Feb-2016,1.17,1.26,1.13,1.18,67600
CBFV,25-Feb-2016,19.95,19.95,19.95,19.95,0
CBIO,25-Feb-2016,30.9,30.9,30.9,30.9,400
CBLI,25-Feb-2016,3.44,3.47,3.38,3.47,4000
CBMG,25-Feb-2016,17.9,18.25,16.96,17.1,22400
CBNK,25-Feb-2016,18.1,18.1,18.1,18.1,500
CBPO,25-Feb-2016,112.47,114.84,111.5,113.02,105700
CBRL,25-Feb-2016,146.64,148.25,145,147.9,370400
CBSH,25-Feb-2016,42.22,42.84,42.13,42.82,357700
CBSHP,25-Feb-2016,26.53,26.58,26.31,26.57,5200
CCBG,25-Feb-2016,14.59,14.75,14.59,14.68,11000
CCCL,25-Feb-2016,3.6,3.76,3.52,3.6,115900
CCD,25-Feb-2016,16.23,16.37,16.04,16.18,127300
CCLP,25-Feb-2016,3.91,5.05,3.91,4.74,420600
CCMP,25-Feb-2016,37.79,37.79,37.31,37.63,94700
CCNE,25-Feb-2016,17.53,17.75,17.37,17.74,13600
CCOI,25-Feb-2016,35.04,35.99,33.58,34.94,697100
CCRC,25-Feb-2016,10.63,10.8,10.1,10.56,272700
CCRN,25-Feb-2016,12.59,12.9,12.42,12.87,248700
CCXI,25-Feb-2016,3.43,3.48,3.25,3.32,40200
CDC,25-Feb-2016,35.51,35.82,35.51,35.82,20100
CDK,25-Feb-2016,43.44,44.28,43.03,44.26,676900
CDL,25-Feb-2016,34.65,34.88,34.65,34.88,700
CDNA,25-Feb-2016,5.15,5.15,4.65,4.72,8800
CDNS,25-Feb-2016,21.3,21.64,21.23,21.61,1902900
CDTX,25-Feb-2016,10.24,10.49,10.16,10.22,11500
CDW,25-Feb-2016,38.88,40,38.19,39.22,1289600
CDXS,25-Feb-2016,4.1,4.11,4.01,4.07,132000
CDZI,25-Feb-2016,4.61,4.68,4.35,4.39,37900
CECE,25-Feb-2016,6.26,6.29,6.04,6.24,118700
CEMI,25-Feb-2016,5.49,5.49,5.22,5.45,26300
CENT,25-Feb-2016,14.42,14.42,13.81,13.92,97400
CENTA,25-Feb-2016,14.01,14.1,13.49,13.69,99200
CENX,25-Feb-2016,6.3,6.9,6.16,6.79,3648500
CERC,25-Feb-2016,3.06,3.09,3.04,3.09,5400
CERN,25-Feb-2016,51.87,52.12,51.09,51.36,1800000
CERS,25-Feb-2016,5.09,5.2,4.86,4.98,1107700
CETV,25-Feb-2016,2.45,2.55,2.34,2.5,245300
CETX,25-Feb-2016,18.24,18.72,17.52,18.16,29700
CEVA,25-Feb-2016,19.27,19.36,18.79,19.36,99700
CFA,25-Feb-2016,34.37,34.64,34.22,34.62,5100
CFBK,25-Feb-2016,6.985,7.425,6.93,7.15,2800
CFFI,25-Feb-2016,40.21,40.5,39.43,40.28,3400
CFFN,25-Feb-2016,12.48,12.6,12.45,12.58,419100
CFMS,25-Feb-2016,8.84,9.42,8.6,9.23,321500
CFO,25-Feb-2016,34.31,34.61,34.29,34.61,14300
CFRX,25-Feb-2016,3.35,3.35,3.07,3.22,8900
CG,25-Feb-2016,14.43,14.69,14.18,14.69,1163100
CGEN,25-Feb-2016,4.81,4.85,4.62,4.76,58300
CGIX,25-Feb-2016,2.13,2.14,2.01,2.09,91900
CGNX,25-Feb-2016,18.515,18.71,18.335,18.485,373400
CGO,25-Feb-2016,10.04,10.18,9.99,10.08,31900
CHCI,25-Feb-2016,1.7,1.7,1.69,1.69,4400
CHCO,25-Feb-2016,43.89,44.19,43.37,44.11,56600
CHDN,25-Feb-2016,46.75,46.75,44.43,45.6667,123700
CHEF,25-Feb-2016,18.1,18.1,17.68,18.06,133800
CHEK,25-Feb-2016,44.64,44.64,38.4,38.4,29900
CHI,25-Feb-2016,8.54,8.65,8.53,8.65,233300
CHKP,25-Feb-2016,83.24,83.65,82.01,83.62,1070400
CHMA,25-Feb-2016,9.82,10.1,9.5,10.05,144900
CHMG,25-Feb-2016,27.55,27.7,27.5,27.67,11300
CHNR,25-Feb-2016,0.95,0.99,0.95,0.95,6700
CHRS,25-Feb-2016,14.04,14.18,13.41,13.82,98200
CHRW,25-Feb-2016,70.26,70.31,69.11,70.16,1353900
CHSCL,25-Feb-2016,27.19,27.2,26.9,27.05,37200
CHSCM,25-Feb-2016,25.53,25.96,25.22,25.75,28600
CHSCN,25-Feb-2016,26.27,26.8,26.1,26.68,11500
CHSCO,25-Feb-2016,27.32,27.63,26.72,27.42,10300
CHSCP,25-Feb-2016,30.65,30.72,30.51,30.67,8900
CHTR,25-Feb-2016,177.86,183.62,177.03,183.04,3972700
CHUY,25-Feb-2016,30.99,31.97,30.97,31.63,263400
CHW,25-Feb-2016,6.32,6.36,6.25,6.36,146300
CHY,25-Feb-2016,9.13,9.31,9.13,9.29,145700
CIBR,25-Feb-2016,15.29,15.67,15.27,15.57,27700
CID,25-Feb-2016,30.34,30.34,30.34,30.34,100
CIDM,25-Feb-2016,2.5,3,2.4,2.5,143100
CIGI,25-Feb-2016,33.35,33.82,33.3,33.64,24200
CIL,25-Feb-2016,31.15,31.15,31.15,31.15,100
CINF,25-Feb-2016,63.27,63.86,62.96,63.75,1061500
CIVB,25-Feb-2016,10.5,10.5,10.3,10.32,7400
CIZ,25-Feb-2016,29.4,29.53,29.4,29.53,5400
CIZN,25-Feb-2016,22.51,22.51,22.51,22.51,200
CJJD,25-Feb-2016,1.67,1.72,1.66,1.69,5600
CLBS,25-Feb-2016,6,6,5.7,5.9,49800
CLCT,25-Feb-2016,15.48,15.78,15.42,15.69,21100
CLDX,25-Feb-2016,111.6,115.5,103.35,103.65,5669900
CLFD,25-Feb-2016,14.26,14.85,14.2,14.84,31400
CLIR,25-Feb-2016,3.68,3.94,3.65,3.71,20700
CLLS,25-Feb-2016,21.31,22.08,21.25,21.5,45700
CLMT,25-Feb-2016,9.27,9.38,8.72,9.07,560400
CLNE,25-Feb-2016,2.48,2.5,2.37,2.44,845600
CLRB,25-Feb-2016,53,53,47,49,3900
CLRO,25-Feb-2016,11.82,12.22,11.82,11.95,4100
CLSN,25-Feb-2016,1.29,1.29,1.21,1.21,39600
CLUB,25-Feb-2016,1.31,1.49,1.09,1.09,106500
CLVS,25-Feb-2016,18.24,18.57,17.07,17.29,1159300
CLWT,25-Feb-2016,3.41,3.41,3.12,3.12,600
CMCO,25-Feb-2016,13.5,13.84,13.49,13.82,53900
CMCSA,25-Feb-2016,29.08,29.265,28.865,29.265,6475000
CMCT,25-Feb-2016,16.14,16.14,16.14,16.14,0
CME,25-Feb-2016,92.97,93.59,92.22,93.19,986000
CMLS,25-Feb-2016,2.32,2.32,2,2.16,819900
CMPR,25-Feb-2016,86.77,88.37,85.62,88.03,122300
CMRX,25-Feb-2016,5.06,5.21,4.99,5.05,3058100
CMTL,25-Feb-2016,20.25,20.34,20.04,20.22,78600
CNBKA,25-Feb-2016,39.55,40.19,39.55,40.19,1000
CNCE,25-Feb-2016,13.06,13.68,12.59,13.3,115700
CNCR,25-Feb-2016,20.35,20.35,20.01,20.01,1100
CNET,25-Feb-2016,0.7,0.72,0.68,0.7,23400
CNFR,25-Feb-2016,6.34,6.54,5.85,6.28,150800
CNOB,25-Feb-2016,15.32,15.51,15.24,15.4,24700
CNSL,25-Feb-2016,21.18,21.45,20.5,21.2,182800
CNTY,25-Feb-2016,6.73,6.76,6.56,6.75,50000
COHR,25-Feb-2016,84.37,84.75,83.24,84,183800
COHU,25-Feb-2016,11.91,11.91,11.59,11.76,61500
COKE,25-Feb-2016,174.2,179.77,172.52,176.69,70700
COLB,25-Feb-2016,28.47,29.09,28.41,28.83,233700
COLL,25-Feb-2016,19.2,19.44,18.69,19.22,156300
COLM,25-Feb-2016,59.47,60.7,59.3,60.46,483600
COMM,25-Feb-2016,25.11,25.84,24.48,24.84,1031100
COMT,25-Feb-2016,26.9,27.09,26.53,27.06,47700
CONE,25-Feb-2016,39.33,40.64,38.77,39.65,1182200
CONN,25-Feb-2016,15.81,16.69,15.66,16.54,954800
CORE,25-Feb-2016,37.495,37.5,35.81,36.81,283500
CORT,25-Feb-2016,3.86,3.87,3.71,3.81,99400
COST,25-Feb-2016,154.69,154.88,152.86,154.72,1746800
COWN,25-Feb-2016,3.35,3.36,3.13,3.18,1140300
COWNL,25-Feb-2016,23.95,24.07,23.85,23.9,4100
CPAH,25-Feb-2016,2.25,2.25,2.22,2.24,2000
CPHC,25-Feb-2016,9.82,9.99,9.82,9.98,2400
CPIX,25-Feb-2016,4.67,4.9,4.52,4.8,14800
CPLP,25-Feb-2016,3.35,3.39,3.19,3.34,525400
CPRT,25-Feb-2016,18.61,19.045,18.475,19.045,1361300
CPRX,25-Feb-2016,1.11,1.12,1.04,1.04,912900
CPSH,25-Feb-2016,1.53,1.53,1.53,1.53,700
CPSI,25-Feb-2016,54.9,55.56,54.65,55.24,214000
CPSS,25-Feb-2016,4.35,4.43,3.98,4.2,121500
CPST,25-Feb-2016,1.19,1.23,1.16,1.18,143300
CPTA,25-Feb-2016,10.42,10.6,10.25,10.5,51400
CRAI,25-Feb-2016,19,19.55,18.96,19.47,103100
CRBP,25-Feb-2016,1.33,1.49,1.31,1.47,80800
CREE,25-Feb-2016,30.59,31.39,30.41,31.19,956500
CREG,25-Feb-2016,2.8,3.1,2.8,2.9,27100
CRESY,25-Feb-2016,11.14,11.77,10.9,11.42,94900
CRIS,25-Feb-2016,7.7,7.75,7.2,7.3,228700
CRMT,25-Feb-2016,25.7,25.7,24.95,25.28,80000
CRNT,25-Feb-2016,1.09,1.1,1.08,1.1,24000
CROX,25-Feb-2016,9.6,9.9,9.32,9.86,718100
CRTO,25-Feb-2016,37.1,37.63,36.53,37.53,387400
CRUS,25-Feb-2016,34.47,34.95,34.1,34.92,794600
CRVL,25-Feb-2016,43.22,44,41.95,42.13,78200
CRWS,25-Feb-2016,8.51,8.56,8.51,8.55,6900
CSA,25-Feb-2016,30.84,30.84,30.84,30.84,0
CSB,25-Feb-2016,31.82,31.82,31.82,31.82,0
CSBR,25-Feb-2016,3.6,3.6,3.6,3.6,0
CSCO,25-Feb-2016,26.49,26.6,26.2,26.6,18655000
CSF,25-Feb-2016,32.18,32.24,32.18,32.22,3500
CSGP,25-Feb-2016,173.43,182.38,161.66,171.16,527800
CSGS,25-Feb-2016,38.25,39.2,37.96,39.2,268900
CSII,25-Feb-2016,8.08,8.2,7.79,8.13,359700
CSIQ,25-Feb-2016,21.56,21.75,20.88,21.58,2087200
CSOD,25-Feb-2016,28.27,28.92,27.85,28.86,944300
CSPI,25-Feb-2016,5.49,5.54,5.42,5.54,1700
CSQ,25-Feb-2016,8.71,8.8,8.66,8.79,311200
CSTE,25-Feb-2016,36.6,37.15,35.8,36.54,325600
CSWC,25-Feb-2016,13.95,14.01,13.74,13.95,56300
CSWI,25-Feb-2016,29.11,30.27,28.31,29.63,101500
CSX,25-Feb-2016,24.42,24.69,24.05,24.36,6817400
CTAS,25-Feb-2016,84.56,84.78,83.71,84.78,475100
CTBI,25-Feb-2016,33.77,33.95,33.53,33.7,25600
CTG,25-Feb-2016,4.92,4.95,4.75,4.76,260700
CTHR,25-Feb-2016,0.82,0.83,0.81,0.81,13000
CTIB,25-Feb-2016,5.04,5.04,5.04,5.04,0
CTIC,25-Feb-2016,6.9,6.9,6.3,6.3,2168100
CTMX,25-Feb-2016,13.28,13.35,12.49,13.35,15000
CTRE,25-Feb-2016,11.21,11.48,11.21,11.47,261100
CTRN,25-Feb-2016,18.55,18.55,17.56,18.45,82600
CTSH,25-Feb-2016,56.56,57.25,55.56,57.24,2997200
CTSO,25-Feb-2016,4.37,4.74,4.24,4.65,64100
CTXS,25-Feb-2016,55.2707,57.0541,55,57.0143,1571100
CUBA,25-Feb-2016,6.58,6.61,6.27,6.41,66200
CUTR,25-Feb-2016,11.59,11.8,11.59,11.76,21200
CVBF,25-Feb-2016,15.25,15.55,15.19,15.55,466300
CVCO,25-Feb-2016,80.59,81.23,79.52,81.04,40400
CVCY,25-Feb-2016,12.1,12.25,11.92,12,4400
CVGI,25-Feb-2016,2.28,2.31,2.22,2.26,45600
CVGW,25-Feb-2016,55.47,55.71,53.06,53.75,229300
CVLT,25-Feb-2016,37.4,37.77,36.96,37.69,450000
CVLY,25-Feb-2016,20.1,20.15,19.95,20.1,23600
CVV,25-Feb-2016,8.05,8.21,8.05,8.14,2100
CWBC,25-Feb-2016,7,7.03,6.95,7.03,14200
CWCO,25-Feb-2016,11.05,11.06,10.76,10.88,68100
CWST,25-Feb-2016,5.56,5.76,5.5,5.7,76200
CXDC,25-Feb-2016,2.76,2.78,2.75,2.76,4400
CXSE,25-Feb-2016,41.06,41.06,41.06,41.06,0
CYAD,25-Feb-2016,37.92,39.8,37.47,38.6,1100
CYAN,25-Feb-2016,4.34,4.41,4.18,4.18,1000
CYBE,25-Feb-2016,9.63,9.99,9.38,9.54,31800
CYBR,25-Feb-2016,36.19,37.29,35.63,36.87,899400
CYCC,25-Feb-2016,4.44,4.44,3.96,4.2,49200
CYCCP,25-Feb-2016,6,6,6,6,0
CYRN,25-Feb-2016,1.44,1.44,1.3,1.31,91800
CYRX,25-Feb-2016,1.76,1.77,1.69,1.7,6900
CYRXW,25-Feb-2016,0.44,0.44,0.44,0.44,0
CYTK,25-Feb-2016,6.66,6.72,6.39,6.61,317300
CZNC,25-Feb-2016,20.03,20.09,19.81,20.08,11900
CZR,25-Feb-2016,7.8,8.2,7.74,8.2,1284600
CZWI,25-Feb-2016,8.96,9,8.96,9,1100
DAIO,25-Feb-2016,2.35,2.38,2.16,2.24,41000
DAKT,25-Feb-2016,7.07,7.18,6.76,6.9,364500
DAX,25-Feb-2016,22.02,22.02,22.02,22.02,0
DBVT,25-Feb-2016,26.27,26.51,25.58,25.6,79200
DCOM,25-Feb-2016,16.9,17.17,16.9,17.16,121400
DCTH,25-Feb-2016,0.28,0.28,0.26,0.27,67200
DENN,25-Feb-2016,10.42,10.52,10.35,10.42,358000
DGICA,25-Feb-2016,14.64,14.8,14.56,14.63,15500
DGICB,25-Feb-2016,14.25,14.25,14.25,14.25,200
DGII,25-Feb-2016,8.4,8.6,8.39,8.49,84300
DGLY,25-Feb-2016,6.16,6.58,6.13,6.44,162000
DGRE,25-Feb-2016,18.67,18.95,18.67,18.84,15300
DGRS,25-Feb-2016,25.59,25.71,25.53,25.71,4400
DGRW,25-Feb-2016,29.32,29.61,29.22,29.58,53000
DHIL,25-Feb-2016,179.33,180.71,175.51,176,10400
DIOD,25-Feb-2016,18.4,18.4,17.88,18.38,258800
DISCA,25-Feb-2016,25.38,25.39,24.53,24.88,3331100
DISCB,25-Feb-2016,25.99,25.99,25.99,25.99,0
DISCK,25-Feb-2016,24.99,25.01,24.09,24.57,1741100
DISH,25-Feb-2016,46.57,46.57,45.69,46.51,1554600
DJCO,25-Feb-2016,192.24,192.24,192.24,192.24,300
DLHC,25-Feb-2016,3.21,3.34,3.13,3.14,10700
DLTH,25-Feb-2016,16.44,17.8,16.43,17.29,108800
DLTR,25-Feb-2016,82,82.5,80.91,82.3,1914400
DMLP,25-Feb-2016,9.59,9.93,9.36,9.79,104300
DMRC,25-Feb-2016,27.35,31.83,26.25,30.17,147600
DNKN,25-Feb-2016,46.39,46.49,45.44,46.19,2409600
DORM,25-Feb-2016,50.21,51.68,49.68,51.36,488800
DOX,25-Feb-2016,57.95,58.42,56.64,58.42,657900
DRAD,25-Feb-2016,47.5,49.3,47.5,49.3,23000
DRNA,25-Feb-2016,5.28,5.38,4.9,5,39000
DRRX,25-Feb-2016,1.13,1.13,1.1,1.13,130100
DSGX,25-Feb-2016,16.79,16.82,16.56,16.74,14800
DSPG,25-Feb-2016,8.49,8.57,8.4,8.54,41900
DSWL,25-Feb-2016,1.35,1.38,1.35,1.38,8300
DTEA,25-Feb-2016,9.9,9.9,9.53,9.63,71600
DVAX,25-Feb-2016,18.35,18.58,17.37,17.73,784200
DWAT,25-Feb-2016,9.52,9.52,9.52,9.52,0
DWSN,25-Feb-2016,3.08,3.37,3.08,3.37,17700
DXCM,25-Feb-2016,64.91,68.14,64.91,67.21,1261000
DXGE,25-Feb-2016,23.98,23.98,23.72,23.98,242000
DXJS,25-Feb-2016,29.6,29.86,29.42,29.86,40800
DXLG,25-Feb-2016,4.49,4.53,4.4,4.47,30400
DXPE,25-Feb-2016,14.65,14.65,13.94,14.21,95700
DXYN,25-Feb-2016,3.74,4.26,3.74,4.21,22600
DYNT,25-Feb-2016,2.86,2.86,2.86,2.86,0
EA,25-Feb-2016,63.55,64.72,63.34,64.68,4277200
EARS,25-Feb-2016,880,954,872,936,300700
EBAY,25-Feb-2016,24.03,24.2,23.89,24.18,7554600
EBIX,25-Feb-2016,33.69,34,33.21,33.87,125200
EBMT,25-Feb-2016,11.18,11.43,11.18,11.43,1100
EBSB,25-Feb-2016,13.82,13.92,13.75,13.89,95900
EBTC,25-Feb-2016,22.78,22.78,21.64,22.38,5400
ECHO,25-Feb-2016,25.03,25.14,24.13,24.96,236000
ECOL,25-Feb-2016,36.26,36.81,35.85,36.72,69000
ECPG,25-Feb-2016,20.08,21.91,18.7,21.68,817900
EDAP,25-Feb-2016,3.81,4.42,3.81,4.3,194200
EDIT,25-Feb-2016,22.84,24.28,22.8,23.95,325800
EDUC,25-Feb-2016,5.985,6.015,5.405,5.64,20200
EEFT,25-Feb-2016,65.92,66.5,64.89,66.27,272500
EEMA,25-Feb-2016,46.43,46.62,46.23,46.58,5800
EFOI,25-Feb-2016,11.79,12.36,11.36,12.18,301800
EFSC,25-Feb-2016,27.22,27.74,27.02,27.74,63200
EGAN,25-Feb-2016,3.9,4,3.9,4,3400
EGBN,25-Feb-2016,45.7,46.06,44.08,45.95,78600
EGLE,25-Feb-2016,12.8,13.8,12.6,13.4,23200
EGOV,25-Feb-2016,17.87,17.88,17.64,17.87,112500
EGRX,25-Feb-2016,56.05,67.36,56.05,66.3,512400
EHTH,25-Feb-2016,10.16,10.54,10,10.3,64500
EIGI,25-Feb-2016,10.74,10.95,10.69,10.75,455000
ELSE,25-Feb-2016,3.4,3.4,3.4,3.4,0
ELTK,25-Feb-2016,1.18,1.18,1.17,1.17,3200
EMCB,25-Feb-2016,65.19,65.19,64.8,64.8,900
EMCF,25-Feb-2016,23.39,23.39,23.39,23.39,0
EMIF,25-Feb-2016,26.19,26.39,26.14,26.28,90900
EMKR,25-Feb-2016,5.46,5.57,5.38,5.49,94600
EML,25-Feb-2016,16.08,16.08,15.79,15.95,1600
ENDP,25-Feb-2016,51.35,52.79,51.22,52.67,2718200
ENG,25-Feb-2016,0.87,0.87,0.81,0.81,6700
ENPH,25-Feb-2016,1.95,1.99,1.83,1.96,671300
ENSG,25-Feb-2016,19.83,20.61,19.83,20.28,333600
ENT,25-Feb-2016,9,9.01,8.65,8.86,286500
ENTA,25-Feb-2016,28.5,28.52,27.67,28.26,142500
ENTG,25-Feb-2016,12.21,12.27,12.19,12.26,358500
ENZL,25-Feb-2016,36.54,37.01,36.54,37.01,18500
EPAY,25-Feb-2016,27.83,28.16,27.62,28.12,205900
EPIX,25-Feb-2016,55,55,45,50.2,5300
EPZM,25-Feb-2016,9.2,9.57,8.82,8.95,246500
EQBK,25-Feb-2016,20.9,21,20.82,20.99,17100
EQIX,25-Feb-2016,296.23,307.62,296.23,307.49,999700
ERI,25-Feb-2016,9.69,10.23,9.29,9.87,65300
ERIC,25-Feb-2016,9.2,9.36,9.14,9.34,2791500
ERIE,25-Feb-2016,100.01,100.88,100.01,100.53,49100
ERII,25-Feb-2016,6.37,6.94,6.29,6.89,478700
ESBK,25-Feb-2016,17.77,17.77,17.77,17.77,0
ESCA,25-Feb-2016,12.4,12.52,11.88,12.43,9300
ESEA,25-Feb-2016,2,2,2,2,1000
ESGR,25-Feb-2016,155.55,159.8,155.55,159,24200
ESLT,25-Feb-2016,83.52,83.52,82.11,82.74,12200
ESPR,25-Feb-2016,15.96,16.46,14.91,14.97,486000
ESSA,25-Feb-2016,13.4,13.5,13.32,13.4,28800
ESXB,25-Feb-2016,4.86,4.95,4.71,4.95,4000
ETFC,25-Feb-2016,22.59,23.25,22.13,23.23,3959000
ETSY,25-Feb-2016,7.89,8.08,7.21,7.9,3543400
EUFN,25-Feb-2016,16.73,16.9,16.68,16.89,65600
EVK,25-Feb-2016,1.79,1.9,1.7,1.88,3400
EVOK,25-Feb-2016,3.53,3.68,3.33,3.35,5300
EVOL,25-Feb-2016,5.3,5.46,5.3,5.42,8900
EWBC,25-Feb-2016,29.36,30.1,29.32,30.04,1128300
EWZS,25-Feb-2016,6.6,6.64,6.58,6.6,2300
EXAS,25-Feb-2016,5.6,5.84,5.22,5.8,4792900
EXEL,25-Feb-2016,3.87,3.96,3.78,3.82,2503400
EXFO,25-Feb-2016,3.04,3.09,3.02,3.02,1100
EXLS,25-Feb-2016,47.92,48.04,47.15,47.92,303200
EXPD,25-Feb-2016,45.76,45.98,45.4,45.91,970600
EXPE,25-Feb-2016,105,105.26,102.7,105.13,1993000
EXPO,25-Feb-2016,23.535,23.71,22.835,23.485,97400
EXTR,25-Feb-2016,2.86,2.95,2.81,2.89,838100
EYEG,25-Feb-2016,41.25,43.35,41.25,41.55,8800
EYEGW,25-Feb-2016,0.69,0.69,0.69,0.69,100
EYES,25-Feb-2016,6.35,6.57,5.62,5.75,2205200
EZPW,25-Feb-2016,2.78,2.89,2.69,2.78,151600
FANG,25-Feb-2016,71.14,72.25,68.33,71.56,1200900
FARM,25-Feb-2016,26.14,26.83,26.06,26.47,22900
FARO,25-Feb-2016,30.25,33.33,29.54,30.3,450100
FAST,25-Feb-2016,22.33,22.535,22.01,22.535,1769500
FATE,25-Feb-2016,1.54,1.71,1.5,1.69,947700
FB,25-Feb-2016,107.11,108.07,105.61,108.07,29906200
FBIO,25-Feb-2016,2.9,3,2.9,2.96,62200
FBIZ,25-Feb-2016,22.22,22.22,21.33,21.54,12200
FBMS,25-Feb-2016,17.9,17.92,17.86,17.9,9300
FBNC,25-Feb-2016,18.66,18.74,18.56,18.64,17000
FBSS,25-Feb-2016,14.45,14.52,14.42,14.52,1300
FBZ,25-Feb-2016,8.64,8.64,8.64,8.64,0
FCA,25-Feb-2016,17.13,17.13,17.13,17.13,300
FCAN,25-Feb-2016,19.85,19.85,19.85,19.85,2500
FCAP,25-Feb-2016,26.5,26.5,26.5,26.5,0
FCBC,25-Feb-2016,17.87,18.09,17.87,18.01,12800
FCCO,25-Feb-2016,13.31,13.44,13.31,13.31,1500
FCCY,25-Feb-2016,11.59,12.5,11.53,11.6,4700
FCEL,25-Feb-2016,60.84,61.2,59.28,60.24,318600
FCFS,25-Feb-2016,41.24,41.82,40.92,41.79,256400
FCNCA,25-Feb-2016,232.07,237.45,232.07,234.58,8400
FCVT,25-Feb-2016,23.55,23.55,23.55,23.55,800
FDIV,25-Feb-2016,46.35,46.4,46.24,46.4,1500
FDT,25-Feb-2016,42.93,43.27,42.85,43.26,11200
FDTS,25-Feb-2016,29.4,29.4,29.4,29.4,300
FDUS,25-Feb-2016,13.34,13.79,13,13.53,38000
FEIM,25-Feb-2016,9.25,9.31,9.25,9.31,2200
FELE,25-Feb-2016,28.61,29.08,28.5,29.08,161400
FEM,25-Feb-2016,16.92,17.02,16.8,17.02,75100
FEMB,25-Feb-2016,39.5,39.78,39.5,39.6,4300
FEMS,25-Feb-2016,26.44,26.69,26.19,26.33,16000
FEP,25-Feb-2016,26.9,27.11,26.8,27.11,112000
FEUZ,25-Feb-2016,28.97,28.97,28.97,28.97,0
FEYE,25-Feb-2016,15.8,16.08,14.9,15.78,6671600
FFBC,25-Feb-2016,16.98,17.16,16.84,17.16,236400
FFHL,25-Feb-2016,0.64,0.64,0.52,0.53,4900
FFIC,25-Feb-2016,20.86,21.06,20.79,20.98,34800
FFIN,25-Feb-2016,13.23,13.325,13.025,13.225,123500
FFIV,25-Feb-2016,94.37,95.96,92.5,95.95,811600
FFNW,25-Feb-2016,13.29,13.3,13,13.29,16300
FFWM,25-Feb-2016,10.73,10.95,10.725,10.885,16600
FGBI,25-Feb-2016,15.85,16.57,15.85,16.57,1300
FGEN,25-Feb-2016,18.87,19.18,18.03,18.26,313000
FGM,25-Feb-2016,33.11,33.19,32.98,33.17,5100
FHK,25-Feb-2016,28.96,29.13,28.96,29.13,900
FIBK,25-Feb-2016,26.62,27,26.48,26.86,80800
FISI,25-Feb-2016,26.94,26.94,26.66,26.73,40200
FISV,25-Feb-2016,49.36,49.74,48.86,49.735,912100
FITB,25-Feb-2016,15.15,15.31,15.03,15.3,7226900
FITBI,25-Feb-2016,28.21,28.27,28.03,28.18,19200
FIVE,25-Feb-2016,38.21,39.13,37.93,38.72,829100
FIVN,25-Feb-2016,8.03,8.03,7.46,7.88,397900
FIZZ,25-Feb-2016,38,38.84,37.56,38.32,75600
FJP,25-Feb-2016,42.9,43.22,42.9,43.18,16700
FKO,25-Feb-2016,22.19,22.19,22.19,22.19,0
FKU,25-Feb-2016,34.93,35.33,34.93,35.33,18900
FLDM,25-Feb-2016,6.4,6.59,6.14,6.4,165000
FLEX,25-Feb-2016,10.67,10.8,10.63,10.79,3241000
FLIC,25-Feb-2016,26.49,27.02,26.35,26.9,11300
FLIR,25-Feb-2016,31.23,31.49,30.45,31.02,824300
FLL,25-Feb-2016,1.38,1.5,1.38,1.5,15100
FLN,25-Feb-2016,12.95,12.95,12.95,12.95,0
FLWS,25-Feb-2016,8.11,8.19,7.82,7.96,287800
FLXN,25-Feb-2016,9.88,10.1,9.55,9.81,207300
FLXS,25-Feb-2016,41.37,41.4,39.95,39.96,20300
FMB,25-Feb-2016,52.92,52.92,52.78,52.8,55700
FMBH,25-Feb-2016,25.5,25.5,24.02,25.46,1100
FMBI,25-Feb-2016,16.48,16.81,16.45,16.8,438500
FMNB,25-Feb-2016,8.4,8.5,8.3,8.42,46800
FNHC,25-Feb-2016,24.4,24.59,23.32,23.89,88400
FNJN,25-Feb-2016,0.88,0.95,0.88,0.9,10500
FNLC,25-Feb-2016,18.75,18.98,18.65,18.96,8100
FNWB,25-Feb-2016,12.48,12.5,12.29,12.41,28700
FOLD,25-Feb-2016,6.78,7.03,6.27,6.44,2763000
FONR,25-Feb-2016,16.99,17.35,16.99,17.01,30300
FORD,25-Feb-2016,1.48,1.49,1.42,1.44,6200
FORK,25-Feb-2016,3.07,3.08,2.9,2.99,8500
FORM,25-Feb-2016,7.33,7.39,7.14,7.31,210500
FORR,25-Feb-2016,31.38,31.62,31.37,31.59,14900
FORTY,25-Feb-2016,29.4,29.4,29.4,29.4,400
FOSL,25-Feb-2016,46.21,46.53,45.21,46.41,828000
FOX,25-Feb-2016,27.47,27.57,26.91,27.38,1789600
FOXA,25-Feb-2016,27.48,27.48,26.86,27.38,8348300
FOXF,25-Feb-2016,14.43,14.59,14.3,14.41,80200
FPA,25-Feb-2016,25.68,25.98,25.68,25.85,2900
FPRX,25-Feb-2016,32.9,33.32,31.47,32.65,369300
FPXI,25-Feb-2016,23.62,23.71,23.51,23.66,45000
FRAN,25-Feb-2016,229.8,233.4,226.68,229.56,628600
FRBA,25-Feb-2016,6.46,6.59,6.43,6.59,4500
FRBK,25-Feb-2016,4.07,4.15,3.95,4.15,41300
FREE,25-Feb-2016,8,8,6,6,11643000
FRGI,25-Feb-2016,35.3,36.23,33.3,34.9,2344300
FRME,25-Feb-2016,22.04,22.3,21.89,22.12,52200
FRPH,25-Feb-2016,32.18,33.11,31.27,32.4,5600
FRPT,25-Feb-2016,6.68,7.15,6.55,6.7,159600
FSBW,25-Feb-2016,24.4,24.4,24.17,24.3,7700
FSFG,25-Feb-2016,33.01,33.01,33,33,1100
FSLR,25-Feb-2016,69.33,72.52,68.54,72.25,5107400
FSTR,25-Feb-2016,12.61,12.82,12.06,12.77,32000
FSV,25-Feb-2016,37.9,38.5,37.77,38.41,113100
FSZ,25-Feb-2016,37.11,37.39,37.1,37.33,43100
FTAG,25-Feb-2016,19.4,19.45,19.1,19.1,6400
FTCS,25-Feb-2016,37.21,37.7,37.21,37.7,33800
FTEK,25-Feb-2016,1.5,1.51,1.5,1.5,8700
FTGC,25-Feb-2016,19.63,19.71,19.59,19.68,59500
FTHI,25-Feb-2016,18.85,18.85,18.85,18.85,0
FTLB,25-Feb-2016,18.91,18.91,18.9,18.91,1200
FTNT,25-Feb-2016,27.5,28.14,27.01,28.06,2554400
FTRI,25-Feb-2016,9.14,9.23,9.1,9.23,15600
FTSL,25-Feb-2016,46.21,46.32,46.2,46.22,54400
FTSM,25-Feb-2016,59.86,59.86,59.8,59.85,47800
FULT,25-Feb-2016,12.65,12.86,12.58,12.85,717000
FUNC,25-Feb-2016,10.13,10.46,9.92,10.08,9400
FUND,25-Feb-2016,5.35,5.46,5.35,5.46,24600
FV,25-Feb-2016,20.37,20.58,20.32,20.57,975600
FWP,25-Feb-2016,13.92,14.61,12.77,13.85,45800
FWRD,25-Feb-2016,40.67,40.67,39.08,40.18,154200
GABC,25-Feb-2016,20.5733,21,20.4067,20.88,20600
GAIA,25-Feb-2016,5.59,5.64,5.5,5.57,77900
GAIN,25-Feb-2016,6.61,6.71,6.6,6.65,94600
GALT,25-Feb-2016,1.11,1.19,1.08,1.18,94500
GARS,25-Feb-2016,11.12,11.51,11.12,11.38,27100
GASS,25-Feb-2016,3,3.22,2.97,3.11,108000
GBCI,25-Feb-2016,23.33,23.78,23.25,23.74,204000
GBDC,25-Feb-2016,15.99,16.35,15.99,16.34,425700
GBLI,25-Feb-2016,28.58,28.65,28.45,28.65,5800
GBLIZ,25-Feb-2016,24.1,24.12,23.95,23.95,8000
GBT,25-Feb-2016,15.1,15.94,14.56,14.93,295000
GCBC,25-Feb-2016,19.75,19.75,18.5,18.895,1500
GDEN,25-Feb-2016,10,10,9.88,10,68600
GENC,25-Feb-2016,8.6667,8.6667,8.4733,8.6333,35100
GENE,25-Feb-2016,8.48,8.6,8.16,8.4,190600
GEOS,25-Feb-2016,10.01,10.3,9.3,10.04,193400
GERN,25-Feb-2016,2.63,2.68,2.52,2.55,2749700
GEVO,25-Feb-2016,152,156,140,156,120300
GFED,25-Feb-2016,15.02,15.02,14.99,15,6900
GFN,25-Feb-2016,4.01,4.09,4,4.02,5900
GFNCP,25-Feb-2016,60.05,60.11,59.7,59.89,8400
GFNSL,25-Feb-2016,20.55,21.1,20.55,21.1,3500
GGAL,25-Feb-2016,29.15,30.06,29.1,29.72,418000
GIFI,25-Feb-2016,9.08,9.6,8.9,9.04,74900
GIGM,25-Feb-2016,2.83,3.05,2.8,2.98,19300
GIII,25-Feb-2016,50.3,50.78,49.22,50.15,354400
GILD,25-Feb-2016,90,90.49,89.55,90.16,9171400
GILT,25-Feb-2016,3.99,3.99,3.88,3.91,14100
GLAD,25-Feb-2016,6.36,6.42,6.23,6.42,76600
GLBS,25-Feb-2016,5.6,5.6,5.6,5.6,10600
GLBZ,25-Feb-2016,11.05,11.05,11.05,11.05,0
GLDD,25-Feb-2016,3.39,3.4,3.21,3.36,129600
GLDI,25-Feb-2016,10.76,10.78,10.74,10.76,3800
GLMD,25-Feb-2016,4.49,4.51,4.42,4.45,17200
GLNG,25-Feb-2016,16.39,16.61,15.42,16.15,1117900
GLPG,25-Feb-2016,41.33,41.82,40.84,41.54,44300
GLPI,25-Feb-2016,25.21,26.09,25.07,25.35,724200
GLRE,25-Feb-2016,20.22,21.05,20.18,20.98,203700
GLUU,25-Feb-2016,3.67,3.95,3.66,3.92,4529300
GLYC,25-Feb-2016,4.99,5.38,4.69,4.75,9700
GMLP,25-Feb-2016,12.97,13.4,12.68,13.2,198500
GNCA,25-Feb-2016,30.88,30.96,28,30.24,73200
GNMA,25-Feb-2016,50.85,50.93,50.82,50.84,13000
GNMK,25-Feb-2016,4.71,4.71,4.44,4.65,147200
GNTX,25-Feb-2016,14.36,14.36,14.1,14.28,2415100
GOGL,25-Feb-2016,3,3,2.65,2.7,208500
GOGO,25-Feb-2016,9.75,10.23,9.53,10.2,2512100
GOOD,25-Feb-2016,14.64,15.15,14.52,15.09,172900
GOODN,25-Feb-2016,25.39,25.61,25.38,25.39,7700
GOOG,25-Feb-2016,700.01,705.98,690.59,705.75,1642100
GOOGL,25-Feb-2016,722.93,729.51,713.23,729.12,1807200
GPOR,25-Feb-2016,25.9,26.32,23.35,23.67,4758900
GPP,25-Feb-2016,13.01,13.2,12.57,12.78,72600
GPRE,25-Feb-2016,14.59,14.94,13.44,13.79,594700
GPRO,25-Feb-2016,11.69,12,11.01,11.34,7064100
GRBK,25-Feb-2016,5.7,6.2,5.66,6.14,214300
GRFS,25-Feb-2016,15.43,15.68,15.33,15.64,1383000
GRID,25-Feb-2016,30.9,31.3,30.75,30.75,5100
GRIF,25-Feb-2016,23.53,23.53,23.19,23.19,600
GRMN,25-Feb-2016,40.55,40.8,39.83,40.31,1282000
GROW,25-Feb-2016,1.57,1.62,1.45,1.47,19800
GRPN,25-Feb-2016,4.22,4.33,4.1,4.14,13149300
GRVY,25-Feb-2016,1.55,1.55,1.55,1.55,0
GSBC,25-Feb-2016,37.3,38.02,36.96,37.48,35200
GSIT,25-Feb-2016,3.44,3.5,3.4,3.45,49100
GSM,25-Feb-2016,7.33,7.44,7.14,7.27,475300
GT,25-Feb-2016,29.61,29.95,29.21,29.95,2501700
GTIM,25-Feb-2016,4.29,4.29,4.02,4.08,14100
GTLS,25-Feb-2016,21,21.76,19.05,19.92,2127400
GURE,25-Feb-2016,1.66,1.7,1.64,1.69,27400
GWGH,25-Feb-2016,6.25,6.25,6.25,6.25,1000
GWPH,25-Feb-2016,43.68,44.04,40.07,41.84,524800
GYRO,25-Feb-2016,28.65,28.65,28.65,28.65,800
HA,25-Feb-2016,42.89,43.38,42.12,43.09,1142700
HAFC,25-Feb-2016,20.43,20.96,20.39,20.84,127400
HAIN,25-Feb-2016,35.68,36.69,35.63,36.54,983300
HALL,25-Feb-2016,10.03,10.07,9.99,10.05,28200
HALO,25-Feb-2016,7.99,8.19,7.66,7.81,1324200
HAS,25-Feb-2016,75.68,76.21,74.66,76.13,867800
HAYN,25-Feb-2016,30.27,30.3,29.62,30.02,56500
HBAN,25-Feb-2016,8.59,8.68,8.53,8.64,13806600
HBCP,25-Feb-2016,25,25,25,25,2600
HBIO,25-Feb-2016,2.6,2.84,2.6,2.82,41400
HBMD,25-Feb-2016,12.88,12.88,12.88,12.88,0
HBNC,25-Feb-2016,10.7645,11.1067,10.7645,11.0311,10400
HBP,25-Feb-2016,3.27,3.31,3.22,3.3,13400
HCAC,25-Feb-2016,9.62,9.62,9.62,9.62,0
HCACU,25-Feb-2016,9.76,9.76,9.75,9.76,1400
HCACW,25-Feb-2016,0.14,0.14,0.14,0.14,0
HCAP,25-Feb-2016,10.16,10.32,10.16,10.2,4800
HCCI,25-Feb-2016,7.6,7.8,7.19,7.45,15600
HCKT,25-Feb-2016,13.63,14.65,13.39,14.38,354600
HCSG,25-Feb-2016,35.09,35.74,34.97,35.64,287200
HDS,25-Feb-2016,27,27.41,26.69,27.2,1572200
HDSN,25-Feb-2016,3.11,3.17,3.11,3.12,13100
HEAR,25-Feb-2016,4,4,3.8,4,81200
HEES,25-Feb-2016,12.52,12.69,11.41,12.48,550300
HELE,25-Feb-2016,94.03,95.47,94.03,95.4,157700
HERO,25-Feb-2016,1.22,1.23,1.16,1.17,124400
HFBL,25-Feb-2016,22.02,22.15,22.02,22.14,700
HFWA,25-Feb-2016,17.31,17.58,17.22,17.51,103300
HGSH,25-Feb-2016,1.39,1.39,1.25,1.26,4400
HIBB,25-Feb-2016,35.26,36.04,34.63,35.89,395500
HIFS,25-Feb-2016,118.58,120.45,118,119,4000
HIHO,25-Feb-2016,3.94,3.94,3.67,3.84,11600
HIMX,25-Feb-2016,9.25,9.25,8.89,9.11,1766800
HLG,25-Feb-2016,9.99,10,9.99,10,1300
HLIT,25-Feb-2016,3.11,3.18,3.06,3.18,421600
HMHC,25-Feb-2016,17.41,18.53,17.31,18.5,1550500
HMNF,25-Feb-2016,11.02,11.19,11.01,11.19,600
HMST,25-Feb-2016,19.51,19.76,19.42,19.74,70900
HMSY,25-Feb-2016,12.17,12.22,11.62,11.8,780600
HMTV,25-Feb-2016,13.69,13.9,13.48,13.84,30800
HNNA,25-Feb-2016,16.88,17.3733,16.8333,16.94,10600
HNRG,25-Feb-2016,4.67,5.05,4.27,4.34,60000
HOFT,25-Feb-2016,31.3,31.44,30.74,31.13,27700
HOLI,25-Feb-2016,18.08,19.18,17.99,18.39,407200
HOLX,25-Feb-2016,34.77,35.24,34.69,35.15,2079900
HOMB,25-Feb-2016,19.67,19.995,19.58,19.94,168400
HOVNP,25-Feb-2016,2.99,3,2.8,2.8,145200
HQY,25-Feb-2016,19.99,20.06,19.55,19.88,172100
HRTX,25-Feb-2016,18.04,18.85,17.53,18.21,559800
HRZN,25-Feb-2016,10.12,10.18,9.94,10.14,21800
HSIC,25-Feb-2016,168.56,169.45,166.67,169.35,558500
HSII,25-Feb-2016,22.71,23.31,22.02,23.2,124900
HSKA,25-Feb-2016,32.67,33.29,32.67,33.24,20200
HSON,25-Feb-2016,26.9,27,26.3,26.4,13500
HSTM,25-Feb-2016,21.71,22.48,20.92,21.07,54300
HTBI,25-Feb-2016,17.44,17.66,17.38,17.58,18500
HTBK,25-Feb-2016,9.19,9.43,9.16,9.41,29900
HTBX,25-Feb-2016,11.8,12,11.2,11.4,39200
HTGM,25-Feb-2016,2.98,2.99,2.67,2.68,15600
HTHT,25-Feb-2016,6.9725,7.0875,6.945,7.005,95200
HTLD,25-Feb-2016,18.95,18.98,18.29,18.6,689300
HTLF,25-Feb-2016,29.26,29.53,29.05,29.45,37700
HUBG,25-Feb-2016,36.36,36.85,35.97,36.61,155700
HURC,25-Feb-2016,25.87,26.25,25.73,26.01,9300
HURN,25-Feb-2016,52.73,56.2,52.32,55.11,276100
HWBK,25-Feb-2016,14.92,15,14.66,15,5700
HWCC,25-Feb-2016,5.46,5.5,5.26,5.34,99300
HWKN,25-Feb-2016,30.68,32.1,30.53,30.7,56100
HYLS,25-Feb-2016,45.94,46.15,45.83,46.13,214900
HYZD,25-Feb-2016,20.92,20.92,20.92,20.92,100
HZNP,25-Feb-2016,18.45,19.08,18.24,18.91,2050000
IAC,25-Feb-2016,44.66,44.99,43.88,44.31,479900
IART,25-Feb-2016,29.58,30,29.42,29.795,243900
IBB,25-Feb-2016,260,263.14,256.66,259.32,1172400
IBCP,25-Feb-2016,14.56,14.9,14.56,14.83,168200
IBKR,25-Feb-2016,33.48,34.33,33.39,34.31,422400
IBOC,25-Feb-2016,22.61,23.14,22.35,23.11,157900
IBTX,25-Feb-2016,26.64,27.38,26.23,27.24,49900
ICAD,25-Feb-2016,4.28,4.28,4.2,4.24,3300
ICBK,25-Feb-2016,19.7,19.7,19.35,19.38,900
ICCC,25-Feb-2016,6,6,5.8,5.97,8600
ICFI,25-Feb-2016,32.88,33.32,32.83,32.93,115400
ICLN,25-Feb-2016,8.41,8.41,8.24,8.39,6900
ICLR,25-Feb-2016,70.67,71.55,68.56,68.75,431400
ICON,25-Feb-2016,80.5,85,77.2,82.9,1390000
ICPT,25-Feb-2016,113.05,116.78,111.05,112.27,423300
ICUI,25-Feb-2016,92,92.69,89.93,91.18,205800
IDCC,25-Feb-2016,51.08,51.09,49.63,49.93,332800
IDLB,25-Feb-2016,22.99,23.26,22.99,23.26,4300
IDRA,25-Feb-2016,14.4,14.64,13.76,14.24,451000
IDXG,25-Feb-2016,0.26,0.29,0.26,0.28,24400
IDXX,25-Feb-2016,71.73,73.21,71.58,73.16,470800
IEP,25-Feb-2016,51.81,52.07,50.21,51.85,69500
IESC,25-Feb-2016,12.4,12.6,12.31,12.5,68300
IEUS,25-Feb-2016,41.41,41.5,41.23,41.5,1800
IFEU,25-Feb-2016,34.14,34.41,34.13,34.25,3500
IFGL,25-Feb-2016,26.88,27.28,26.87,27.28,93200
IFV,25-Feb-2016,15.66,15.81,15.64,15.81,135000
IGF,25-Feb-2016,36.16,36.45,36.04,36.45,160600
IGOV,25-Feb-2016,93.98,94.24,93.73,94.05,69300
III,25-Feb-2016,3.18,3.22,3.18,3.22,10200
IIIN,25-Feb-2016,25.67,26.02,25.42,25.85,141400
IIN,25-Feb-2016,7,7,7,7,0
IIVI,25-Feb-2016,21.58,21.63,21.32,21.5,166800
IKNX,25-Feb-2016,11.47,11.73,11.31,11.5,3600
ILMN,25-Feb-2016,150.03,153.3,148.56,152.4,1268100
IMGN,25-Feb-2016,7.31,7.48,7.04,7.12,758300
IMKTA,25-Feb-2016,36.24,36.66,35.74,36.54,55500
IMMR,25-Feb-2016,7.49,7.81,7.22,7.76,246000
IMMU,25-Feb-2016,2.11,2.14,2,2.07,423500
IMOS,25-Feb-2016,17.25,17.42,17.13,17.25,30800
INBK,25-Feb-2016,24.97,25.7,24.37,24.94,23800
INCY,25-Feb-2016,74,76.78,73.31,74.28,1562300
INDB,25-Feb-2016,42.9,43.58,42.72,43.5,64000
INDY,25-Feb-2016,23.31,23.49,23.27,23.49,67000
INFI,25-Feb-2016,6.12,6.24,5.88,5.93,612900
INFN,25-Feb-2016,15.5,15.81,15.34,15.8,1345200
INGN,25-Feb-2016,32.77,33.66,32.58,33.42,90000
INO,25-Feb-2016,6.5,6.57,6.32,6.48,732400
INOD,25-Feb-2016,2.37,2.41,2.36,2.36,3500
INOV,25-Feb-2016,18.75,18.85,17.37,17.5,984200
INSM,25-Feb-2016,12.42,12.64,11.49,11.61,576600
INTC,25-Feb-2016,29.32,29.62,28.95,29.62,17571400
INTG,25-Feb-2016,25.7,25.7,25.7,25.7,0
INTU,25-Feb-2016,99.1,100.16,97.94,100.07,2335500
INVA,25-Feb-2016,11.45,11.6,10.92,11.53,325000
INVE,25-Feb-2016,2.29,2.34,2.05,2.12,10400
INWK,25-Feb-2016,6.99,7.12,6.95,6.96,194800
IONS,25-Feb-2016,35,36.84,32.74,33.57,2498100
IOSP,25-Feb-2016,44.33,44.33,42.89,43.12,226300
IPAR,25-Feb-2016,26.31,26.8,25.43,26.75,57300
IPDN,25-Feb-2016,2.88,2.88,2.48,2.48,4400
IPGP,25-Feb-2016,82.52,83.16,81.29,83.06,239200
IPKW,25-Feb-2016,24.06,25.17,24.06,25.11,60400
IPWR,25-Feb-2016,47.3,47.3,43.2,46.9,10900
IRBT,25-Feb-2016,30.68,31.26,30.68,31.24,228500
IRCP,25-Feb-2016,32.7,32.7,32.45,32.45,600
IRDM,25-Feb-2016,6.95,7.14,6.4,6.97,1279600
IRIX,25-Feb-2016,9.57,9.71,9.24,9.7,12300
IRMD,25-Feb-2016,17.24,18.01,17.17,17.85,60900
IROQ,25-Feb-2016,17.3,17.33,17.29,17.33,1100
IRWD,25-Feb-2016,8.85,9.43,8.85,9.2,1654700
ISBC,25-Feb-2016,11.5,11.69,11.48,11.64,2255600
ISHG,25-Feb-2016,79.6,79.83,79.6,79.66,1700
ISIG,25-Feb-2016,2.79,2.86,2.62,2.67,1800
ISNS,25-Feb-2016,2.79,2.79,2.79,2.79,300
ISRG,25-Feb-2016,555,559.78,546.45,559.28,437000
ISSC,25-Feb-2016,2.56,2.6,2.55,2.56,27000
ISTR,25-Feb-2016,14.55,14.75,14.45,14.51,9000
ITCI,25-Feb-2016,30.4,32.64,27.44,27.71,1060300
ITI,25-Feb-2016,2.6,2.6,2.49,2.57,30500
ITIC,25-Feb-2016,90,90,88,88,2800
ITRI,25-Feb-2016,40.22,40.42,39.26,40.02,657600
ITRN,25-Feb-2016,17.6,18.18,17.6,17.78,48500
IVAC,25-Feb-2016,4.23,4.32,4.2,4.3,17700
IXUS,25-Feb-2016,45.53,46.05,45.52,46.05,156500
JACK,25-Feb-2016,68.39,69.42,67.83,69.29,969500
JAGX,25-Feb-2016,1722,1753.5,1711.5,1732.5,9600
JAKK,25-Feb-2016,6.4,6.77,6.29,6.64,342300
JAZZ,25-Feb-2016,121.92,124.5,120.23,123.36,612300
JBHT,25-Feb-2016,75.98,77.18,75.64,77.15,648900
JBLU,25-Feb-2016,23.56,23.67,23,23.2,6740800
JBSS,25-Feb-2016,66.72,68.46,66.19,68.26,51600
JCOM,25-Feb-2016,71.34,72.2,70.3,72.1,338600
JCS,25-Feb-2016,7.15,7.15,7.01,7.01,3500
JCTCF,25-Feb-2016,5.075,5.075,5.075,5.075,0
JD,25-Feb-2016,24.75,25.1,24.44,24.93,10993200
JJSF,25-Feb-2016,110.45,111.9,109.1,111.8,54000
JKHY,25-Feb-2016,83.99,84.42,83.3,84.41,276200
JKI,25-Feb-2016,114.13,115.07,114.13,115.07,900
JOBS,25-Feb-2016,26.88,26.88,25.83,26.16,112600
JOUT,25-Feb-2016,21.75,22.57,21.43,21.85,9500
JRJC,25-Feb-2016,4.99,4.99,4.87,4.89,74400
JRVR,25-Feb-2016,30.05,30.05,29.04,29.18,86700
JSM,25-Feb-2016,16,16.29,15.59,16.29,34400
JSMD,25-Feb-2016,25.3,25.3,25.02,25.26,2900
JSML,25-Feb-2016,25.45,25.45,25.07,25.24,11600
JVA,25-Feb-2016,3.14,3.22,3.14,3.2,31700
JYNT,25-Feb-2016,4.1,4.11,4.05,4.09,2700
KALU,25-Feb-2016,76.2,76.84,75.32,76.81,159400
KBAL,25-Feb-2016,10.52,10.59,10.43,10.53,62000
KBSF,25-Feb-2016,6.9,6.9,6.9,6.9,0
KE,25-Feb-2016,11.09,11.18,11.03,11.18,63100
KELYA,25-Feb-2016,16.92,17.19,16.89,17.08,98300
KELYB,25-Feb-2016,16.01,16.01,16.01,16.01,0
KEQU,25-Feb-2016,16.78,16.78,16.64,16.64,200
KFFB,25-Feb-2016,9,9,9,9,0
KFRC,25-Feb-2016,16.08,16.17,15.79,16.07,361500
KGJI,25-Feb-2016,1,1.03,0.98,1,602500
KHC,25-Feb-2016,73.41,74.98,73.33,74.96,4962300
KIN,25-Feb-2016,3.94,4,3.85,3.89,6700
KINS,25-Feb-2016,8.01,8.2,7.97,8.04,10700
KIRK,25-Feb-2016,14.06,14.1,13.75,13.9,108700
KLAC,25-Feb-2016,66.3,67.46,66.19,67.45,979200
KLIC,25-Feb-2016,11.38,11.57,11.27,11.56,272100
KMDA,25-Feb-2016,3.47,3.47,3.26,3.46,2300
KNDI,25-Feb-2016,7.54,7.54,7.26,7.44,237600
KOPN,25-Feb-2016,1.94,1.94,1.79,1.85,179200
KOSS,25-Feb-2016,2.13,2.14,2.13,2.14,2500
KPTI,25-Feb-2016,5.9,5.97,5.54,5.8,124100
KRNT,25-Feb-2016,11.63,11.65,11.4,11.6,19400
KRNY,25-Feb-2016,11.81,12.05,11.79,12.04,1217400
KTCC,25-Feb-2016,8.07,8.07,7.75,7.87,14100
KTOS,25-Feb-2016,3.28,3.36,3.13,3.19,227500
KTOV,25-Feb-2016,2.65,2.69,2.57,2.69,6500
KTOVW,25-Feb-2016,0.54,0.57,0.54,0.54,8300
KURA,25-Feb-2016,4.72,4.97,4.51,4.85,17400
KVHI,25-Feb-2016,9.03,9.12,8.89,9.09,32400
LAKE,25-Feb-2016,11.92,12.44,11.92,11.93,28600
LAMR,25-Feb-2016,54.3,55.84,54.13,55.78,665200
LANC,25-Feb-2016,102.23,103.77,101.78,103.53,119300
LAND,25-Feb-2016,8.44,8.49,8.28,8.49,66000
LARK,25-Feb-2016,24.1,24.4,24.05,24.4,2200
LAWS,25-Feb-2016,17.12,17.13,16.72,17.05,14900
LBAI,25-Feb-2016,10,10.12,10,10,60800
LBRDA,25-Feb-2016,48.99,50.58,48.99,50.54,110600
LBRDK,25-Feb-2016,48.97,50.28,46.77,50.21,440300
LBTYA,25-Feb-2016,37.35,37.57,36.12,37.02,3137200
LBTYK,25-Feb-2016,36.32,36.5,35.21,36.04,6042900
LCNB,25-Feb-2016,16.25,16.5,16.07,16.44,16700
LCUT,25-Feb-2016,11.78,11.82,11.5,11.75,15100
LE,25-Feb-2016,22.7,22.88,22.27,22.85,144900
LECO,25-Feb-2016,54.95,55.32,53.58,54.85,623700
LEDS,25-Feb-2016,0.27,0.3,0.27,0.27,22100
LFUS,25-Feb-2016,114.17,114.49,113.74,114.25,117700
LFVN,25-Feb-2016,9.5,9.75,9.16,9.58,68900
LGIH,25-Feb-2016,22.56,23.4,22.25,23.23,268200
LGND,25-Feb-2016,92.97,94.89,91.63,94.23,349100
LHCG,25-Feb-2016,36.44,36.81,35.74,36.6,88600
LIFE,25-Feb-2016,64.26,64.54,59.5,60.34,79300
LILA,25-Feb-2016,32.29,32.57,31.72,32.38,91500
LILAK,25-Feb-2016,34.59,35.14,34.13,35.02,121700
LINC,25-Feb-2016,2.52,2.55,2.26,2.38,57300
LIND,25-Feb-2016,9.74,9.86,9.28,9.49,88800
LITE,25-Feb-2016,24.24,24.42,24.15,24.25,421700
LIVE,25-Feb-2016,1.38,1.41,1.32,1.33,88100
LIVN,25-Feb-2016,58.98,59.2,57.36,58,482000
LJPC,25-Feb-2016,16.79,16.92,15.05,15.48,179800
LKFN,25-Feb-2016,28.14,28.56,27.8867,28.54,48300
LKQ,25-Feb-2016,27.45,27.86,26.54,27.75,3683900
LLNW,25-Feb-2016,1.38,1.43,1.35,1.42,200300
LMAT,25-Feb-2016,13.88,16.02,13.83,15.11,279200
LMBS,25-Feb-2016,50.81,50.97,50.8,50.92,3700
LMFA,25-Feb-2016,80.5,80.5,80.1,80.1,1200
LMFAW,25-Feb-2016,0.96,0.96,0.96,0.96,0
LMNR,25-Feb-2016,12.7,12.93,12.62,12.87,11200
LMNX,25-Feb-2016,18.48,18.78,18.36,18.6,195000
LMRK,25-Feb-2016,13.71,14.83,13.71,14.43,24200
LNDC,25-Feb-2016,11.38,12.01,11.26,11.3,59500
LNTH,25-Feb-2016,2.14,2.26,2.03,2.21,39000
LOAN,25-Feb-2016,4.06,4.06,4,4.03,17100
LOB,25-Feb-2016,13.27,13.6,13.06,13.14,27700
LOCO,25-Feb-2016,12.59,12.74,12.3,12.66,349400
LOGI,25-Feb-2016,15.22,15.46,15.19,15.45,687800
LOGM,25-Feb-2016,50.52,50.82,49.2,50.71,429200
LOPE,25-Feb-2016,38.54,38.54,37.48,38.2,177400
LORL,25-Feb-2016,32.4,32.6,31.32,31.41,40100
LPCN,25-Feb-2016,10.74,10.95,10.55,10.93,82000
LPLA,25-Feb-2016,19.36,20.44,18.71,19.85,1739100
LPSN,25-Feb-2016,4.66,4.75,4.62,4.69,201400
LPTH,25-Feb-2016,2.15,2.21,2.09,2.17,102400
LQDT,25-Feb-2016,4.6,4.63,4.5,4.53,157300
LRCX,25-Feb-2016,70.52,72.46,70.14,72.43,2937500
LSBK,25-Feb-2016,13.37,13.37,13.35,13.35,4600
LSCC,25-Feb-2016,6.4,6.4,6,6.14,5623200
LSTR,25-Feb-2016,58.4,59.14,57.88,59.13,393700
LTBR,25-Feb-2016,3.4,3.4,3.25,3.3,20900
LTRPA,25-Feb-2016,19.87,20.06,19.42,20.03,714200
LTRPB,25-Feb-2016,19.92,19.92,19.92,19.92,0
LTRX,25-Feb-2016,0.99,0.99,0.99,0.99,0
LULU,25-Feb-2016,60.9,62.8,60.6,61.35,1913900
LUNA,25-Feb-2016,0.98,1.01,0.92,0.97,172600
LVHD,25-Feb-2016,25.59,25.66,25.37,25.66,19400
LWAY,25-Feb-2016,10.73,11.18,10.6,11.01,13700
LXRX,25-Feb-2016,9.15,9.36,8.88,8.92,377200
LYTS,25-Feb-2016,10.82,10.82,10.36,10.5,204100
MACK,25-Feb-2016,5.31,5.41,5.06,5.38,2091600
MAGS,25-Feb-2016,4.06,4.15,4.06,4.08,8900
MANH,25-Feb-2016,55,55.99,54.18,55.17,436800
MANT,25-Feb-2016,29.02,29.67,28.59,29.13,73400
MAR,25-Feb-2016,67.56,68.33,66.78,68.3,4236200
MARA,25-Feb-2016,9.48,9.52,9.16,9.32,8400
MARK,25-Feb-2016,3.91,3.91,3.75,3.86,14300
MARPS,25-Feb-2016,4.2,4.2,4.2,4.2,0
MASI,25-Feb-2016,37.35,38.65,36.38,38.55,393600
MAT,25-Feb-2016,32.17,33.15,32.11,33.14,4082700
MATW,25-Feb-2016,47.12,47.33,46.84,46.93,102600
MAYS,25-Feb-2016,49.58,49.58,49.58,49.58,0
MBCN,25-Feb-2016,33.1,33.1,33.1,33.1,0
MBII,25-Feb-2016,1.07,1.14,1.04,1.11,41200
MBSD,25-Feb-2016,24.97,24.97,24.9,24.96,3200
MBUU,25-Feb-2016,15.2,15.85,14.85,15.71,109800
MBWM,25-Feb-2016,22.49,22.73,22.13,22.57,11500
MCBC,25-Feb-2016,6.01,6.01,5.94,6,54300
MCEP,25-Feb-2016,0.76,0.8,0.75,0.8,129600
MCFT,25-Feb-2016,13.26,13.56,12.89,13.44,91200
MCHI,25-Feb-2016,37.91,38.4,37.63,38.39,1956600
MCHP,25-Feb-2016,43.87,43.92,43.08,43.81,1775500
MCHX,25-Feb-2016,4.32,4.33,4.18,4.32,79200
MCRB,25-Feb-2016,24.99,25.75,24.11,24.53,152100
MCRI,25-Feb-2016,19.5,21.71,19.5,20.38,65300
MDCA,25-Feb-2016,20.32,20.49,19.88,20.48,201700
MDGS,25-Feb-2016,66.4,74.8,62.4,68.8,32700
MDIV,25-Feb-2016,17.24,17.45,17.24,17.41,64700
MDLZ,25-Feb-2016,40.85,41.59,40.72,41.58,8361600
MDRX,25-Feb-2016,12.44,12.6,12.3,12.41,2167200
MDWD,25-Feb-2016,7.44,8.21,7.18,8.08,17300
MEET,25-Feb-2016,3.55,3.61,3.5,3.56,1132700
MEIP,25-Feb-2016,1.1,1.18,1.1,1.15,122100
MELI,25-Feb-2016,103.65,103.69,100.61,102.56,678800
MEOH,25-Feb-2016,30.02,30.02,28.32,29.56,1236800
MERC,25-Feb-2016,8.3,8.36,8.15,8.35,92800
MESO,25-Feb-2016,7.05,7.05,6.3,6.41,37300
MFNC,25-Feb-2016,10,10,10,10,246900
MGEE,25-Feb-2016,52.7,53.48,52.18,52.91,99500
MGI,25-Feb-2016,5.39,5.52,5.18,5.3,108200
MGIC,25-Feb-2016,6.75,6.99,6.64,6.96,78500
MGLN,25-Feb-2016,56.64,57.1,55.92,57,147600
MGNX,25-Feb-2016,15.93,16.27,15.01,15.28,234500
MGPI,25-Feb-2016,23.58,23.75,23.38,23.63,31700
MGRC,25-Feb-2016,26.29,26.5,26.07,26.46,57400
MGYR,25-Feb-2016,9.81,9.81,9.81,9.81,0
MHLD,25-Feb-2016,12.01,12.59,11.91,12.54,476700
MICT,25-Feb-2016,2.12,2.16,2.08,2.16,1200
MIDD,25-Feb-2016,89.05,91.34,88.24,90.82,533500
MIK,25-Feb-2016,22.56,22.84,22.08,22.72,727400
MIME,25-Feb-2016,9.55,9.7,9.36,9.52,44400
MIND,25-Feb-2016,3.29,3.43,3.1,3.32,7100
MITK,25-Feb-2016,5.28,5.45,5.23,5.4,218300
MKSI,25-Feb-2016,32.44,32.78,32.19,32.77,348100
MKTX,25-Feb-2016,116.8,119.72,116.43,119.25,255200
MLAB,25-Feb-2016,89.41,93.59,89.41,89.85,5500
MLHR,25-Feb-2016,25.76,26.11,25.5,26.02,340500
MLVF,25-Feb-2016,16.5,16.6,16.48,16.57,3800
MMAC,25-Feb-2016,14.4,14.75,14.4,14.75,3700
MMLP,25-Feb-2016,14.89,15.08,14,14.78,364600
MMSI,25-Feb-2016,17.83,18.58,17.83,18.56,277100
MMYT,25-Feb-2016,16.66,16.74,16.03,16.64,270200
MNDO,25-Feb-2016,2.45,2.54,2.43,2.44,30900
MNKD,25-Feb-2016,5.1,5.55,5.1,5.4,7159400
MNOV,25-Feb-2016,6.27,6.82,6.15,6.42,1193300
MNRO,25-Feb-2016,68.17,68.53,67.06,68.42,149500
MNST,25-Feb-2016,44.0033,44.4667,43.5333,44.37,2143000
MNTA,25-Feb-2016,9.19,9.43,9.02,9.24,609500
MNTX,25-Feb-2016,5.05,5.06,4.76,4.87,10300
MOBL,25-Feb-2016,3.33,3.39,3.24,3.34,567400
MOFG,25-Feb-2016,26.19,26.25,26.13,26.19,4100
MOMO,25-Feb-2016,11.33,11.94,11.24,11.93,1295500
MORN,25-Feb-2016,78.58,79.88,77.65,78.55,73900
MOSY,25-Feb-2016,118,120,112,120,87600
MPAA,25-Feb-2016,33.17,33.35,32.3,33.18,142000
MPB,25-Feb-2016,14.85,14.98,14.85,14.98,3000
MPWR,25-Feb-2016,57.5,57.95,55.05,57.85,327000
MRCC,25-Feb-2016,12.14,12.28,11.75,12.14,30700
MRCY,25-Feb-2016,17.07,17.12,16.93,17.12,60100
MRLN,25-Feb-2016,13.71,13.88,13.51,13.77,24700
MRNS,25-Feb-2016,4.37,4.49,4.17,4.2,31300
MRTN,25-Feb-2016,16.56,16.79,16.32,16.78,72600
MRTX,25-Feb-2016,21.82,22.15,21.24,22.06,117700
MRVL,25-Feb-2016,9.51,9.59,9.29,9.55,3211800
MSEX,25-Feb-2016,28.73,28.84,28.56,28.78,31500
MSFT,25-Feb-2016,51.73,52.1,50.61,52.1,26939400
MSON,25-Feb-2016,5.8,5.97,5.67,5.86,7100
MSTR,25-Feb-2016,156.71,158.71,153.01,158.15,127800
MTBC,25-Feb-2016,0.85,0.85,0.77,0.77,2200
MTBCP,25-Feb-2016,20,20,20,20,0
MTCH,25-Feb-2016,10.63,10.75,10.51,10.64,374500
MTEX,25-Feb-2016,17.98,18.03,17.51,17.79,5900
MTLS,25-Feb-2016,5.56,5.64,5.22,5.55,83300
MTP,25-Feb-2016,45.6,46,45.6,46,5700
MTRX,25-Feb-2016,17.17,17.43,16.98,17.19,207200
MTSC,25-Feb-2016,55.25,55.29,53.84,54.78,57000
MTSI,25-Feb-2016,38.11,38.5,36.73,37.62,316500
MTSL,25-Feb-2016,0.77,0.77,0.77,0.77,0
MU,25-Feb-2016,10.67,10.74,10.21,10.72,16153800
MVIS,25-Feb-2016,2.88,2.93,2.86,2.87,92900
MXIM,25-Feb-2016,33.52,34.03,33.28,34.03,2082200
MYGN,25-Feb-2016,35.33,35.6,34.8,35.33,987700
MYL,25-Feb-2016,46.98,47.43,46.18,47.42,3552900
MYOK,25-Feb-2016,7.11,7.29,6.9,7.15,66200
MYOS,25-Feb-2016,1.59,1.75,1.59,1.73,37400
MYRG,25-Feb-2016,21.95,21.95,21.5,21.75,107800
NAII,25-Feb-2016,11.19,11.5,11.09,11.48,89700
NAKD,25-Feb-2016,12.25,12.5,12.25,12.5,6500
NATH,25-Feb-2016,49.04,50.28,48.4,49.62,14500
NATI,25-Feb-2016,28.83,28.96,28.5,28.78,152900
NATR,25-Feb-2016,7.7,8,7.7,7.96,12100
NAVI,25-Feb-2016,10.29,10.72,10.1,10.66,3027600
NBIX,25-Feb-2016,37.43,38.72,36.32,37.28,638200
NBN,25-Feb-2016,9.95,10.3,9.95,10.23,10200
NBRV,25-Feb-2016,9.05,9.4,8.85,8.99,12000
NBTB,25-Feb-2016,25.86,26.18,25.84,26.18,100500
NCBS,25-Feb-2016,32.6,32.89,32,32.1,2800
NCMI,25-Feb-2016,15.38,15.56,15.31,15.5,260600
NCTY,25-Feb-2016,6,6.3,6,6.18,17800
NDAQ,25-Feb-2016,63.88,64.53,63.36,64.51,1194100
NDLS,25-Feb-2016,12.35,12.75,12.05,12.23,203300
NDSN,25-Feb-2016,70.51,70.97,69.57,70.64,327900
NEO,25-Feb-2016,6.06,6.42,5.9,6.04,147100
NEOG,25-Feb-2016,36.9075,38.295,36.555,38.07,135200
NEON,25-Feb-2016,23.7,23.9,23.3,23.7,139300
NEOS,25-Feb-2016,10.52,10.52,10,10.35,137700
NEPT,25-Feb-2016,1.02,1.06,1,1.04,84000
NERV,25-Feb-2016,4.73,5.14,4.73,5,8300
NETE,25-Feb-2016,2,2,1.9,2,445100
NEWT,25-Feb-2016,9.75,9.89,9.39,9.5,220800
NFBK,25-Feb-2016,15.35,15.69,15.35,15.66,97000
NFLX,25-Feb-2016,91.08,94.81,90.21,94.53,17898700
NGHC,25-Feb-2016,19.84,20.08,19.72,19.99,102600
NGHCO,25-Feb-2016,25.19,25.48,25.13,25.13,17100
NGHCP,25-Feb-2016,25.21,25.21,25.21,25.21,500
NGHCZ,25-Feb-2016,24.09,24.12,23.97,24.1,38700
NHLD,25-Feb-2016,2.5,2.51,2.48,2.48,6800
NHTC,25-Feb-2016,33.33,33.65,31.07,31.72,333000
NICE,25-Feb-2016,59.82,60.91,59.78,60.85,138500
NICK,25-Feb-2016,10.62,10.7,10.51,10.67,4500
NK,25-Feb-2016,7.41,7.45,7.02,7.16,202100
NKSH,25-Feb-2016,33.76,33.85,33.25,33.85,5200
NKTR,25-Feb-2016,11.44,11.58,10.93,11.3,1195600
NMIH,25-Feb-2016,4.95,4.95,4.85,4.89,165700
NNBR,25-Feb-2016,11.69,12,11.34,11.89,238000
NRIM,25-Feb-2016,23.44,24,23.3,23.66,19000
NSEC,25-Feb-2016,15.12,15.12,15.12,15.12,0
NSIT,25-Feb-2016,26.46,27.07,25.82,26.88,176400
NSSC,25-Feb-2016,6.07,6.23,6.07,6.11,8500
NSTG,25-Feb-2016,12.46,12.79,11.88,11.95,57700
NSYS,25-Feb-2016,3.79,4.1,3.79,4.04,2800
NTAP,25-Feb-2016,24.97,24.97,24.44,24.63,4072000
NTCT,25-Feb-2016,20.31,20.49,19.32,20.28,1340700
NTEC,25-Feb-2016,3.71,3.78,3.71,3.76,3900
NTES,25-Feb-2016,146.89,146.89,132,136.23,3677900
NTGR,25-Feb-2016,39.27,39.79,38.85,39.66,228700
NTIC,25-Feb-2016,5.925,5.925,5.925,5.925,100
NTRA,25-Feb-2016,7.86,8.07,7.2,7.76,234200
NTRS,25-Feb-2016,58.77,59.61,58.26,59.52,1285900
NTWK,25-Feb-2016,6.6,6.83,6.55,6.74,22800
NUAN,25-Feb-2016,19.11,19.32,18.97,19.31,1561700
NURO,25-Feb-2016,11.84,11.92,11.52,11.76,22200
NUVA,25-Feb-2016,40.24,41.41,39.87,41.34,966400
NVAX,25-Feb-2016,95.6,97.8,91,91.8,5996800
NVCN,25-Feb-2016,3250,3520,3240,3500,13800
NVCR,25-Feb-2016,11.57,11.74,10.64,10.8,277100
NVDA,25-Feb-2016,31.94,32.05,31.32,31.89,8740300
NVEC,25-Feb-2016,50.2,50.96,49.8,50.56,7400
NVEE,25-Feb-2016,20.18,20.74,20.09,20.69,29400
NVFY,25-Feb-2016,1.27,1.38,1.25,1.27,15800
NVIV,25-Feb-2016,112.75,116.5,107.5,109.75,133500
NVMI,25-Feb-2016,10.49,10.51,10.44,10.51,6900
NWBI,25-Feb-2016,12.44,12.69,12.44,12.67,323400
NWFL,25-Feb-2016,26.75,26.75,26.75,26.75,100
NWLI,25-Feb-2016,210.19,216.5,210.19,213.21,5800
NWPX,25-Feb-2016,9.91,10.07,9.54,10,46000
NWS,25-Feb-2016,11.57,11.59,11.3,11.49,905400
NWSA,25-Feb-2016,10.81,10.88,10.58,10.87,3211800
NXPI,25-Feb-2016,70.54,70.94,68.13,70.9,2732000
NXST,25-Feb-2016,43.24,44.03,41.81,42.51,881400
NXTD,25-Feb-2016,6.5,6.5,6,6.1,266600
NYMT,25-Feb-2016,4.04,4.17,4,4.16,1321700
NYMTO,25-Feb-2016,19.52,19.76,19.01,19.73,6800
NYMTP,25-Feb-2016,18.61,19.23,18.61,19.07,13100
NYMX,25-Feb-2016,2.48,2.7,2.47,2.54,65600
OBAS,25-Feb-2016,6.81,6.81,6.81,6.81,0
OBCI,25-Feb-2016,2,2,2,2,0
OCC,25-Feb-2016,2.22,2.22,2.18,2.2,2500
OCFC,25-Feb-2016,16.91,17.04,16.81,16.96,21000
OCUL,25-Feb-2016,8.07,8.07,7.69,7.82,120000
ODFL,25-Feb-2016,63.6,64.44,62.38,63.7,378400
ODP,25-Feb-2016,5.02,5.11,5.01,5.06,5225000
OESX,25-Feb-2016,1.35,1.43,1.32,1.36,53900
OFED,25-Feb-2016,20,20,20,20,100
OFIX,25-Feb-2016,37.25,38.26,36.78,38.01,190600
OFLX,25-Feb-2016,32.1,32.1,31.28,31.5,6600
OFS,25-Feb-2016,10.98,11.01,10.93,10.94,16400
OIIM,25-Feb-2016,1.47,1.53,1.46,1.5,25000
OLED,25-Feb-2016,50.37,51.25,49.03,49.68,851600
OLLI,25-Feb-2016,20.98,21.27,20.65,20.7,471300
OMAB,25-Feb-2016,38.03,38.62,37.75,38.43,40300
OMCL,25-Feb-2016,27.49,28.05,27.23,27.8,145400
OMER,25-Feb-2016,10.25,10.39,9.84,10.16,345000
OMEX,25-Feb-2016,2.43,2.43,2.26,2.43,29800
ON,25-Feb-2016,8.29,8.32,8.11,8.29,3378000
ONB,25-Feb-2016,11.14,11.22,11,11.2,1395700
ONCS,25-Feb-2016,17.3,18.4,17.1,17.7,43800
ONEQ,25-Feb-2016,179.45,180.25,178.54,180.25,10700
ONTX,25-Feb-2016,66,73.5,63,66,95300
OPGN,25-Feb-2016,835,835,835,835,200
OPHC,25-Feb-2016,4.32,4.32,4.32,4.32,0
OPOF,25-Feb-2016,18.75,18.75,18.75,18.75,0
OPTT,25-Feb-2016,25.4,28,25.4,28,5000
ORBC,25-Feb-2016,8.6,8.68,8.51,8.67,411400
ORLY,25-Feb-2016,264.77,267.78,262.9,267.27,774000
ORMP,25-Feb-2016,7.08,7.31,6.81,7.02,16100
ORRF,25-Feb-2016,17.55,17.95,17.55,17.73,4300
OSBC,25-Feb-2016,6.47,6.54,6.39,6.51,28800
OSIS,25-Feb-2016,60.22,60.99,59.18,60.4,193200
OSN,25-Feb-2016,2.43,2.43,2.43,2.43,200
OSTK,25-Feb-2016,14.58,14.59,14.25,14.46,54700
OSUR,25-Feb-2016,6.55,6.64,6.38,6.56,329700
OTEL,25-Feb-2016,4.86,4.92,4.45,4.48,3800
OTEX,25-Feb-2016,24.525,24.695,24.32,24.685,222200
OTIC,25-Feb-2016,14.5,14.62,13.65,13.73,442500
OTTR,25-Feb-2016,27.32,27.56,27.09,27.38,51200
OVBC,25-Feb-2016,23.45,23.45,23.45,23.45,100
OVLY,25-Feb-2016,9.35,9.47,9.35,9.45,1400
OXBR,25-Feb-2016,5.12,5.12,4.82,5.06,8600
OXBRW,25-Feb-2016,0.5,0.5,0.5,0.5,0
OXFD,25-Feb-2016,9.75,9.81,9.65,9.75,22700
OXLC,25-Feb-2016,6.15,6.43,6.06,6.42,123700
OXLCO,25-Feb-2016,24.33,24.65,24.33,24.63,7100
PAAS,25-Feb-2016,9.38,9.64,9.28,9.56,2033200
PACB,25-Feb-2016,8.67,8.81,8.4,8.6,662200
PACW,25-Feb-2016,31.39,32.24,31.3,32.12,1041600
PAHC,25-Feb-2016,28.32,28.72,27.83,28.15,148900
PANL,25-Feb-2016,2.16,2.16,2.16,2.16,200
PATI,25-Feb-2016,21.62,21.62,21.5,21.5,7000
PATK,25-Feb-2016,28.5733,28.9867,28,28.48,167500
PAYX,25-Feb-2016,51.7,52.16,51.39,52.14,1412900
PBCT,25-Feb-2016,14.64,14.8,14.51,14.78,2172000
PBHC,25-Feb-2016,11.95,12,11.95,11.99,900
PBIP,25-Feb-2016,15.35,15.4,15.15,15.39,12200
PBPB,25-Feb-2016,11.85,12.23,11.5,12.19,526400
PCAR,25-Feb-2016,51.53,51.82,50.73,51.82,1925200
PCH,25-Feb-2016,26.3,26.69,26.11,26.29,601100
PCOM,25-Feb-2016,6.88,6.99,6.88,6.99,10700
PCRX,25-Feb-2016,55.05,61.92,55,57.26,1423200
PCTI,25-Feb-2016,5.45,5.56,5.43,5.56,9400
PCTY,25-Feb-2016,29.43,30.15,28.69,29.15,396500
PCYG,25-Feb-2016,9,9.21,8.66,8.91,22900
PCYO,25-Feb-2016,4.55,4.81,4.55,4.81,11100
PDBC,25-Feb-2016,14.63,14.72,14.48,14.64,72700
PDCE,25-Feb-2016,49.69,50.75,47.86,49.62,989300
PDCO,25-Feb-2016,43.79,45.51,43.49,45.09,2234600
PDEX,25-Feb-2016,2.95,2.96,2.87,2.89,2800
PDFS,25-Feb-2016,10.46,10.86,10.45,10.83,182000
PDLI,25-Feb-2016,3.01,3.06,2.92,2.99,3340200
PEBK,25-Feb-2016,18.57,18.57,18.57,18.57,100
PEBO,25-Feb-2016,17.49,17.75,17.38,17.68,29900
PEGA,25-Feb-2016,22.92,23.17,22.21,23.11,465000
PEIX,25-Feb-2016,3.62,3.69,3.36,3.42,404100
PENN,25-Feb-2016,13.39,13.62,13.15,13.52,649500
PERI,25-Feb-2016,6.66,6.78,6.63,6.72,12200
PESI,25-Feb-2016,3.71,3.77,3.71,3.77,3000
PETS,25-Feb-2016,16.71,16.83,16.58,16.82,97300
PFBC,25-Feb-2016,26.96,28,26.96,27.95,29100
PFBI,25-Feb-2016,12.328,12.536,12.2,12.528,11000
PFIE,25-Feb-2016,0.78,0.78,0.76,0.76,25300
PFIN,25-Feb-2016,9.7,10.1,9.62,9.78,8200
PFIS,25-Feb-2016,35.48,35.93,35.1,35.32,4000
PFLT,25-Feb-2016,11.11,11.25,11.11,11.25,37300
PFMT,25-Feb-2016,1.66,1.78,1.52,1.62,133700
PFPT,25-Feb-2016,45.4,47.47,44.5,47.31,1169300
PFSW,25-Feb-2016,12.29,12.54,12.21,12.36,73600
PGC,25-Feb-2016,16.58,16.71,16.4,16.5,61600
PICO,25-Feb-2016,8.17,8.38,7.97,8.22,67600
PIH,25-Feb-2016,6.28,6.28,6.27,6.28,3400
PINC,25-Feb-2016,32.09,32.48,31.68,32.03,178200
PIRS,25-Feb-2016,1.68,1.75,1.64,1.66,22800
PKBK,25-Feb-2016,11.2273,11.3182,11.2273,11.3182,600
PKOH,25-Feb-2016,28.15,28.76,27.85,28.56,21500
PLAB,25-Feb-2016,9.92,10.4,9.92,10.21,1078600
PLAY,25-Feb-2016,36.57,37.1,36,36.66,491300
PLBC,25-Feb-2016,8.52,8.52,8.52,8.52,0
PLCE,25-Feb-2016,67.17,68.36,66.63,67.8,444200
PLPC,25-Feb-2016,34.31,35.41,32.24,33.34,14300
PLUG,25-Feb-2016,1.86,1.93,1.83,1.92,1688000
PLUS,25-Feb-2016,37.56,38.605,37.555,38.285,75400
PLXS,25-Feb-2016,36.39,36.4,35.49,36.4,118200
PMBC,25-Feb-2016,6.98,6.98,6.9,6.97,15900
PMD,25-Feb-2016,12.15,12.7,12.15,12.64,25700
PME,25-Feb-2016,1.45,1.45,1.34,1.34,3800
PNBK,25-Feb-2016,13.25,13.25,13.25,13.25,0
PNFP,25-Feb-2016,45.6,45.98,44.96,45.75,127700
PNNT,25-Feb-2016,5.38,5.48,5.31,5.45,201100
PNQI,25-Feb-2016,70.92,71.16,70.05,71.16,27400
PODD,25-Feb-2016,27.5,30.13,27.42,29.42,1104300
POOL,25-Feb-2016,80.41,80.98,79.7,80.78,364800
POWI,25-Feb-2016,44.5,45.38,44.17,45.31,73100
POWL,25-Feb-2016,26.38,26.38,25.45,25.78,29100
PPBI,25-Feb-2016,20.27,20.82,20.27,20.73,210600
PPC,25-Feb-2016,23.13,24,22.79,23.71,1772600
PPH,25-Feb-2016,58.61,59.34,58.56,59.34,16700
PPSI,25-Feb-2016,3.05,3.05,3.05,3.05,1200
PRAA,25-Feb-2016,27.17,27.17,25.77,26.89,413500
PRAH,25-Feb-2016,46.99,47.62,41.63,42.63,917800
PRCP,25-Feb-2016,5.22,5.39,5.15,5.37,29600
PRFT,25-Feb-2016,18.03,18.25,17.89,18.09,88700
PRFZ,25-Feb-2016,86.77,87.57,86.57,87.54,38900
PRGS,25-Feb-2016,24.74,25.11,24.52,25.1,195700
PRGX,25-Feb-2016,3.46,3.66,3.46,3.65,10900
PRIM,25-Feb-2016,19.94,20.61,18.11,19.31,306400
PROV,25-Feb-2016,17.15,17.5,17.15,17.44,6100
PRPH,25-Feb-2016,1.22,1.22,1.2,1.2,600
PRQR,25-Feb-2016,4.64,4.76,4.64,4.69,9100
PRSC,25-Feb-2016,46.77,47.38,46.26,46.48,59300
PRTA,25-Feb-2016,34.43,36.5,33.16,33.64,797900
PRTK,25-Feb-2016,14.26,14.81,14,14.3,42200
PRTS,25-Feb-2016,2.84,2.85,2.74,2.8,21700
PSCC,25-Feb-2016,54.85,55.55,54.85,55.37,4100
PSCD,25-Feb-2016,45.09,45.64,45.09,45.64,6800
PSCE,25-Feb-2016,11.32,11.32,10.88,11.2,16300
PSCF,25-Feb-2016,37.4,38.15,37.4,38.15,9500
PSCH,25-Feb-2016,61.94,62.5,61.82,62.48,10400
PSCI,25-Feb-2016,40.94,40.95,40.67,40.9,2300
PSCM,25-Feb-2016,27.51,27.51,27.51,27.51,0
PSCT,25-Feb-2016,50.86,51.21,50.67,51.13,20100
PSCU,25-Feb-2016,44.16,44.16,43.08,43.36,29000
PSEC,25-Feb-2016,7,7.09,6.85,6.88,3888600
PSMT,25-Feb-2016,78.2,78.85,77.26,78.03,150000
PSTI,25-Feb-2016,12.4,12.4,11.6,12.2,204100
PTC,25-Feb-2016,30.79,31.28,30.54,30.8,726900
PTCT,25-Feb-2016,10.95,12.26,10.52,11.32,7278200
PTEN,25-Feb-2016,14.76,14.98,13.91,14.82,4009100
PTI,25-Feb-2016,6.29,6.35,6,6,12900
PTNR,25-Feb-2016,4.52,4.59,4.52,4.56,1600
PTSI,25-Feb-2016,29.27,29.27,28.21,28.85,17200
PULM,25-Feb-2016,24.5,25.5,23.5,25.5,4400
PVBC,25-Feb-2016,12.99,13,12.99,13,1100
PWOD,25-Feb-2016,25.72,26.8533,25.4067,25.9333,5200
PXLW,25-Feb-2016,2,2.03,1.9,1.94,138800
PXS,25-Feb-2016,1.03,1.05,0.91,1.03,4800
PYPL,25-Feb-2016,36.67,36.83,36.18,36.74,5209500
PZZA,25-Feb-2016,59.45,60.1,57.7,59.03,827400
QABA,25-Feb-2016,34.16,34.65,34.09,34.62,29100
QADA,25-Feb-2016,19.08,19.24,19.05,19.21,29700
QADB,25-Feb-2016,15.98,15.98,15.98,15.98,0
QAT,25-Feb-2016,18.57,18.57,18.57,18.57,300
QCLN,25-Feb-2016,13.99,14.05,13.78,14.04,7700
QCOM,25-Feb-2016,51.5,51.79,50.9,51.64,8352300
QCRH,25-Feb-2016,21.93,22.39,21.81,22.38,16000
QDEL,25-Feb-2016,16.2,16.43,14.66,15.57,239500
QIWI,25-Feb-2016,11.08,11.11,10.86,11.01,355400
QLYS,25-Feb-2016,23.95,24.34,22.92,24.23,417100
QNST,25-Feb-2016,2.87,3.06,2.87,3.04,177500
QQEW,25-Feb-2016,39.88,40.24,39.64,40.24,29600
QQQ,25-Feb-2016,102.76,103.56,101.84,103.56,29389300
QQQX,25-Feb-2016,17.42,17.68,17.28,17.66,156900
QQXT,25-Feb-2016,37.8,38.11,37.61,38.11,12900
QRHC,25-Feb-2016,4.72,4.8,4.16,4.24,66500
QRVO,25-Feb-2016,42.31,43.06,41.43,42.67,1444700
QTEC,25-Feb-2016,39.56,39.83,39.14,39.83,15500
QTNT,25-Feb-2016,8.15,8.15,7.72,8.01,37400
QUIK,25-Feb-2016,1.53,1.55,1.5,1.54,61500
QUMU,25-Feb-2016,3.8,3.91,3.8,3.89,1600
QURE,25-Feb-2016,15.09,15.65,14.78,15.2,173100
QYLD,25-Feb-2016,21.95,21.95,21.65,21.9,16600
RADA,25-Feb-2016,0.7,0.72,0.64,0.72,60100
RAIL,25-Feb-2016,16.19,16.19,14.91,14.96,455000
RAND,25-Feb-2016,4.72,4.72,4.5,4.55,3400
RARE,25-Feb-2016,62.7,64.97,60.03,60.85,639000
RAVE,25-Feb-2016,5.07,5.14,4.9,4.93,40800
RAVN,25-Feb-2016,15.36,15.8,15.08,15.21,132700
RBCAA,25-Feb-2016,25.65,25.75,25.49,25.74,4800
RBCN,25-Feb-2016,8.5,8.5,7.7,8.2,214300
RCII,25-Feb-2016,12.48,12.79,12.24,12.78,666700
RCKY,25-Feb-2016,10.87,11.17,10.87,11.13,19200
RCMT,25-Feb-2016,5.4,5.6,5.4,5.58,9200
RCON,25-Feb-2016,1.29,1.29,1.15,1.25,30900
RDCM,25-Feb-2016,13.07,13.19,12.78,13.01,53500
RDHL,25-Feb-2016,9.1,9.36,9.1,9.35,16400
RDI,25-Feb-2016,10.41,10.41,10.01,10.09,44900
RDIB,25-Feb-2016,12.25,12.25,12.25,12.25,0
RDNT,25-Feb-2016,5.8,5.85,5.77,5.8,91900
RDUS,25-Feb-2016,32.1,33.81,30.8,30.92,1695300
RDVY,25-Feb-2016,19.35,19.5,19.35,19.5,3900
RDWR,25-Feb-2016,11.3,11.58,11.24,11.55,195200
REFR,25-Feb-2016,4.3,4.45,4.3,4.45,14000
REGI,25-Feb-2016,6.84,6.92,6.63,6.91,221300
REGN,25-Feb-2016,396.36,402.81,390.49,393.99,671800
RELL,25-Feb-2016,5.07,5.07,4.97,4.98,13300
RELV,25-Feb-2016,6.58,6.72,6.58,6.65,19500
REPH,25-Feb-2016,6.61,6.71,6.53,6.64,3400
RESN,25-Feb-2016,2,2,1.99,1.99,700
RFIL,25-Feb-2016,4.01,4.01,3.92,3.96,7100
RGCO,25-Feb-2016,14.1533,14.3067,14.1467,14.2867,1500
RGEN,25-Feb-2016,25.5,25.92,24.38,25.78,390300
RGLD,25-Feb-2016,44.25,45.22,43.05,44.49,1323900
RGLS,25-Feb-2016,81.48,82.92,73.56,76.56,1101600
RGNX,25-Feb-2016,13.11,13.2,12.36,13.04,111700
RIBT,25-Feb-2016,1.35,1.35,1.2,1.26,39900
RICK,25-Feb-2016,8.67,8.84,8.52,8.84,16700
RIGL,25-Feb-2016,2.4,2.41,2.28,2.34,692400
RILY,25-Feb-2016,9.3,9.72,9.3,9.5,1600
RKDA,25-Feb-2016,54,54.6,52,54.6,5900
RMBS,25-Feb-2016,12.83,13,12.72,12.97,619200
RMCF,25-Feb-2016,10.13,10.36,10.01,10.16,3300
RMR,25-Feb-2016,23.2,23.5,22.9,23.19,64400
RMTI,25-Feb-2016,8.7,8.95,8.34,8.93,395600
RNET,25-Feb-2016,12.89,13.55,12.1,12.68,151700
RNST,25-Feb-2016,31.15,31.47,30.87,31.25,66400
RNWK,25-Feb-2016,3.78,3.84,3.67,3.81,24800
ROCK,25-Feb-2016,24.5,25.06,24.27,25.02,211600
ROIC,25-Feb-2016,18.69,19.36,18.66,19.16,782300
ROLL,25-Feb-2016,62.91,63.9,62.17,63.24,116200
ROST,25-Feb-2016,56.55,56.77,55.71,56.54,2804700
RP,25-Feb-2016,19.88,20.19,19.17,19.57,216500
RPD,25-Feb-2016,13.47,13.52,12.52,13.38,233900
RPRX,25-Feb-2016,0.83,0.83,0.81,0.82,66200
RRGB,25-Feb-2016,63.32,64.69,62.35,64.01,164600
RTIX,25-Feb-2016,3.35,3.52,3.31,3.5,166100
RTRX,25-Feb-2016,15.02,15.23,14.29,14.6,689000
RUN,25-Feb-2016,5.08,5.47,5.08,5.3,463400
RUSHA,25-Feb-2016,16.79,16.79,16.31,16.55,151700
RUSHB,25-Feb-2016,16.57,16.6,16.47,16.5,4400
RUTH,25-Feb-2016,16.97,16.97,16.63,16.85,249000
RVNC,25-Feb-2016,18.63,18.95,18.22,18.56,277400
RVSB,25-Feb-2016,4.37,4.37,4.25,4.25,2300
RWLK,25-Feb-2016,269.75,285,256.5,260.25,145500
RYAAY,25-Feb-2016,82.92,83.58,82.24,83.39,402800
SABR,25-Feb-2016,27.26,28,27.1,27.83,1283400
SAFM,25-Feb-2016,80.26,89.23,80.12,88.68,701800
SAFT,25-Feb-2016,56.4,56.61,55.92,56.19,56000
SAGE,25-Feb-2016,30.97,32.6,30,30.58,533300
SAIA,25-Feb-2016,26.06,26.3,25.15,25.56,158500
SAL,25-Feb-2016,32.55,32.81,32.55,32.81,200
SALM,25-Feb-2016,4.69,4.8,4.63,4.71,19300
SAMG,25-Feb-2016,10.81,11.39,10.78,11.05,22400
SANM,25-Feb-2016,20.68,20.93,20.46,20.83,613400
SANW,25-Feb-2016,4.25,4.3,4.17,4.22,20500
SASR,25-Feb-2016,25.45,25.92,25.45,25.82,36300
SATS,25-Feb-2016,34.5963,36.5056,34.5069,36.3188,366900
SBAC,25-Feb-2016,96.36,97.49,94.96,96.6,1340300
SBBP,25-Feb-2016,3.99,3.99,3.82,3.95,11500
SBBX,25-Feb-2016,13,13.19,13,13.15,6700
SBCF,25-Feb-2016,14.36,14.6,14.35,14.57,59100
SBFG,25-Feb-2016,10.03,10.25,10.03,10.25,3500
SBGI,25-Feb-2016,30.14,30.46,29.5,30.42,964900
SBLK,25-Feb-2016,3,3.15,2.6,3.05,177600
SBNY,25-Feb-2016,129.06,131.33,128.65,130.6,362600
SBRA,25-Feb-2016,19.2,19.6,18.54,19.54,417000
SBSI,25-Feb-2016,23.19,23.61,23.03,23.53,65800
SBUX,25-Feb-2016,58.46,58.75,58,58.75,6262100
SCHL,25-Feb-2016,34.99,35.28,34.85,34.96,156200
SCHN,25-Feb-2016,13.83,13.83,13.35,13.68,122000
SCON,25-Feb-2016,31.5,31.5,30,31.5,30000
SCOR,25-Feb-2016,42.56,42.65,41.28,42.27,511300
SCSC,25-Feb-2016,37.55,37.76,36.65,37.53,110500
SCVL,25-Feb-2016,23.99,24.24,23.73,24.15,31900
SCYX,25-Feb-2016,4.65,5,4.64,4.73,2600
SCZ,25-Feb-2016,46.21,46.48,46,46.48,1387400
SEAC,25-Feb-2016,5.55,5.55,5.43,5.5,219800
SEDG,25-Feb-2016,25.06,25.23,23.98,25.19,904500
SEED,25-Feb-2016,11.6,12.1,11.6,11.9,5800
SEIC,25-Feb-2016,38.12,38.43,37.34,38.32,1235800
SELF,25-Feb-2016,3.92,3.93,3.92,3.93,700
SENEA,25-Feb-2016,30.91,31.18,30.26,31.16,37800
SENEB,25-Feb-2016,33.74,33.74,33.74,33.74,0
SFBC,25-Feb-2016,22.5,22.5,22.5,22.5,0
SFBS,25-Feb-2016,36.02,36.49,35.71,35.98,24400
SFM,25-Feb-2016,26.1,28.04,25.99,27.43,7751400
SFNC,25-Feb-2016,20.6,21.67,20.43,20.825,47200
SFST,25-Feb-2016,22.5,23,22.4,22.51,10100
SGC,25-Feb-2016,18.2,18.2,17.6,18.1,13400
SGEN,25-Feb-2016,30.12,31.22,29.44,30.1,1098800
SGMA,25-Feb-2016,6.66,6.69,6.59,6.63,3700
SGMO,25-Feb-2016,5.34,5.48,4.96,5.11,714300
SGMS,25-Feb-2016,6.19,6.49,5.88,6.31,3003000
SGOC,25-Feb-2016,3.34,3.45,3.27,3.37,34400
SGRP,25-Feb-2016,0.94,1,0.94,0.95,9800
SGRY,25-Feb-2016,13.77,14.76,13.24,13.51,258200
SHBI,25-Feb-2016,11.36,11.4,11.08,11.33,13900
SHEN,25-Feb-2016,22.93,23.78,22.69,23.55,128800
SHIP,25-Feb-2016,42.3,42.3,42.3,42.3,1000
SHLO,25-Feb-2016,4.08,4.08,3.8,4.06,15400
SHOO,25-Feb-2016,23.48,23.9667,23.0667,23.7333,869800
SHSP,25-Feb-2016,3.3,3.34,3.09,3.3,5200
SHY,25-Feb-2016,85.01,85.04,85,85.02,1526500
SIEB,25-Feb-2016,1.22,1.22,1.22,1.22,1000
SIEN,25-Feb-2016,6.63,6.79,6.51,6.71,461100
SIFY,25-Feb-2016,1.07,1.07,1.02,1.03,14300
SIGI,25-Feb-2016,34.16,34.61,34.04,34.47,95100
SILC,25-Feb-2016,30.21,30.36,29.76,30.36,18400
SIMO,25-Feb-2016,33.1,33.1,32.58,32.92,170400
SINA,25-Feb-2016,42.72,43,41.62,42.75,372300
SINO,25-Feb-2016,0.51,0.51,0.51,0.51,200
SIRI,25-Feb-2016,3.61,3.71,3.61,3.69,31331400
SIVB,25-Feb-2016,84.27,86.91,83.67,86.33,625300
SKOR,25-Feb-2016,50.36,50.36,50.36,50.36,100
SKYS,25-Feb-2016,3.3,3.42,2.48,2.69,39800
SKYW,25-Feb-2016,17.1,17.43,16.83,17.3,377300
SKYY,25-Feb-2016,27.32,27.57,27.07,27.57,283000
SLAB,25-Feb-2016,40.57,40.64,40.08,40.38,124400
SLCT,25-Feb-2016,8.09,8.11,8,8.03,7800
SLGN,25-Feb-2016,25.26,25.48,25.08,25.255,232000
SLM,25-Feb-2016,5.87,5.95,5.68,5.93,2431700
SLMBP,25-Feb-2016,37.62,40.01,37.19,40.01,3400
SLP,25-Feb-2016,9.17,9.71,9.15,9.71,65600
SLQD,25-Feb-2016,49.85,50.07,49.85,50.05,8400
SLRC,25-Feb-2016,16.43,16.89,15.98,16.77,180100
SLVO,25-Feb-2016,9.6,9.6,9.55,9.55,4100
SMBC,25-Feb-2016,23.72,23.8,23.49,23.53,7200
SMBK,25-Feb-2016,15.12,15.13,15.1,15.1,1900
SMCI,25-Feb-2016,32.3,32.36,31.68,32.21,279300
SMCP,25-Feb-2016,20.25,20.25,20.25,20.25,0
SMED,25-Feb-2016,5.31,5.34,5.19,5.28,46100
SMIT,25-Feb-2016,2.31,2.31,2.31,2.31,0
SMMF,25-Feb-2016,12.61,12.9,12.6,12.9,15300
SMMT,25-Feb-2016,7.6,7.6,7.6,7.6,0
SMRT,25-Feb-2016,6.95,6.95,6.78,6.95,75700
SMSI,25-Feb-2016,2.72,2.72,2.36,2.6,22600
SMTC,25-Feb-2016,18.16,18.51,17.92,18.5,366500
SMTX,25-Feb-2016,1.34,1.36,1.34,1.34,12000
SNCR,25-Feb-2016,25.88,27.17,25.79,27.17,566000
SNFCA,25-Feb-2016,5.54,5.54,5.5,5.53,2200
SNPS,25-Feb-2016,44.22,44.75,44.01,44.55,838600
SNSS,25-Feb-2016,4.5,4.8,4.44,4.44,76900
SOCL,25-Feb-2016,17.29,17.29,17.08,17.23,8600
SOHO,25-Feb-2016,5.28,5.71,5.22,5.66,16000
SOHU,25-Feb-2016,43.71,44.09,43.35,43.68,220500
SONA,25-Feb-2016,12.8,13.1,12.6,12.75,16000
SOXX,25-Feb-2016,83.39,84.21,82.47,84.13,413000
SP,25-Feb-2016,24.77,24.92,24.46,24.6,35500
SPCB,25-Feb-2016,4.41,4.48,4.3,4.39,50200
SPI,25-Feb-2016,8.32,8.9,8.14,8.62,17400
SPKE,25-Feb-2016,12.67,12.835,12.54,12.825,57200
SPLK,25-Feb-2016,37.6,39.33,36.66,38.53,4825300
SPNE,25-Feb-2016,12.52,12.87,12.22,12.77,26300
SPNS,25-Feb-2016,11.25,11.51,11.16,11.5,53100
SPOK,25-Feb-2016,17.38,18,15.65,17.04,137700
SPPI,25-Feb-2016,4.65,4.75,4.5,4.65,776300
SPRT,25-Feb-2016,0.77,0.83,0.77,0.79,159100
SPSC,25-Feb-2016,44,45.31,43.51,43.65,154800
SPTN,25-Feb-2016,24.27,26,23.75,25.22,329800
SPWH,25-Feb-2016,12.78,12.86,12.54,12.76,94200
SPWR,25-Feb-2016,22.52,23.12,21.95,22.66,1521400
SQBG,25-Feb-2016,7.51,7.74,7.25,7.68,583300
SQQQ,25-Feb-2016,362.88,372.32,354.24,354.24,8018700
SRCE,25-Feb-2016,30.62,30.92,30.5,30.88,24100
SRCL,25-Feb-2016,113.61,115.19,112.18,114.52,740300
SRDX,25-Feb-2016,19.4,19.69,19.22,19.51,27600
SRET,25-Feb-2016,12.38,12.38,12.38,12.38,0
SREV,25-Feb-2016,3.81,3.81,3.68,3.78,261900
SRNE,25-Feb-2016,6.28,6.28,5.93,6.01,420600
SRPT,25-Feb-2016,14.4,14.67,13.62,14.36,1186100
SSB,25-Feb-2016,61.84,62.46,61.71,62.15,70400
SSBI,25-Feb-2016,13.67,13.67,13.67,13.67,1000
SSKN,25-Feb-2016,5.05,5.25,5.05,5.1,6400
SSNC,25-Feb-2016,58.46,59.19,57.99,59.12,353200
SSYS,25-Feb-2016,18.2,18.64,17.63,18.11,608400
STAA,25-Feb-2016,6.2,6.39,6.03,6.2,82000
STAF,25-Feb-2016,13.2,13.4,10.75,11.65,4900
STBA,25-Feb-2016,25.2,25.71,24.95,25.4,171200
STFC,25-Feb-2016,21.43,21.45,21.13,21.38,22800
STKL,25-Feb-2016,5.72,5.85,5.59,5.7,232400
STKS,25-Feb-2016,2.56,2.67,2.55,2.57,9300
STLD,25-Feb-2016,17.71,18.32,17,18.17,3747600
STMP,25-Feb-2016,93.82,96.29,91.64,96.25,714000
STRA,25-Feb-2016,44.09,45.03,43.22,44.44,83400
STRL,25-Feb-2016,4.77,4.91,4.59,4.83,36300
STRM,25-Feb-2016,1.47,1.52,1.43,1.43,6800
STRS,25-Feb-2016,21.55,23,21.55,22.68,10900
STRT,25-Feb-2016,52.17,52.95,51.23,52.13,16600
STX,25-Feb-2016,31.01,31.01,29.8,30.92,3040400
SUMR,25-Feb-2016,1.98,1.98,1.67,1.8,37500
SUNS,25-Feb-2016,13.49,13.81,13.4,13.7,11600
SUPN,25-Feb-2016,13.57,13.61,12.8,13.19,515900
SVBI,25-Feb-2016,5.15,5.17,5.15,5.16,20000
SVVC,25-Feb-2016,7.13,7.26,7.03,7.13,3100
SWIR,25-Feb-2016,12.14,12.32,11.92,12.28,338000
SWKS,25-Feb-2016,63.53,64.56,62.59,64.55,2550000
SYBT,25-Feb-2016,25.02,25.0667,24.9133,25.06,32100
SYKE,25-Feb-2016,30.35,30.42,29.93,30.35,162900
SYNA,25-Feb-2016,80.5,81.68,78.76,79.88,428500
SYNC,25-Feb-2016,1.75,1.8,1.72,1.79,20900
SYNL,25-Feb-2016,8.02,8.02,7.91,7.91,5500
SYPR,25-Feb-2016,0.87,0.87,0.87,0.87,300
TACO,25-Feb-2016,10.18,10.59,10.02,10.52,356700
TACT,25-Feb-2016,7.06,7.4,7.05,7.16,5200
TAIT,25-Feb-2016,0.95,0.95,0.95,0.95,0
TANH,25-Feb-2016,5.29,5.36,5.16,5.31,7000
TAST,25-Feb-2016,12.84,13.31,12.79,13.15,256700
TATT,25-Feb-2016,6.91,6.91,6.74,6.74,4000
TAYD,25-Feb-2016,13.62,13.75,13.46,13.74,700
TBBK,25-Feb-2016,4.42,4.6,4.32,4.58,84800
TBIO,25-Feb-2016,0.6,0.6,0.54,0.54,10800
TBK,25-Feb-2016,13.6,13.74,13.31,13.7,34100
TBNK,25-Feb-2016,25.83,26.05,25.83,26,16000
TBPH,25-Feb-2016,15.45,16.21,15.31,16.15,184600
TCBI,25-Feb-2016,31.53,31.98,30.35,31.9,648300
TCBIL,25-Feb-2016,23.38,23.59,23.2,23.55,8200
TCBIP,25-Feb-2016,23.91,24.09,23.72,24,13900
TCBK,25-Feb-2016,24.62,24.92,24.51,24.77,26800
TCCO,25-Feb-2016,2.61,2.67,2.6,2.67,4100
TCFC,25-Feb-2016,19.89,19.89,19.89,19.89,0
TCON,25-Feb-2016,6.13,6.71,6.13,6.46,35600
TCPC,25-Feb-2016,13.15,13.39,13.04,13.37,130200
TCRD,25-Feb-2016,9.33,9.48,9.33,9.43,61900
TCX,25-Feb-2016,21.12,21.21,20.88,21.08,32800
TDIV,25-Feb-2016,24.77,24.91,24.55,24.91,54300
TEAM,25-Feb-2016,23.01,23.56,22.37,23.53,418800
TECH,25-Feb-2016,86.89,87.79,86.47,87.05,127700
TEDU,25-Feb-2016,9.98,10.04,9.64,9.88,53400
TENX,25-Feb-2016,46.8,47,44.2,44.8,100800
TERP,25-Feb-2016,8.25,8.79,7.84,8.51,1967700
TESS,25-Feb-2016,16.8,17.48,16.8,17.46,46500
TFSL,25-Feb-2016,16.89,17.02,16.8,16.94,274500
TGA,25-Feb-2016,1.35,1.5,1.34,1.46,108000
TGLS,25-Feb-2016,11.2,11.2,10.77,11,2400
TGTX,25-Feb-2016,8.51,8.7,8.33,8.46,293400
THFF,25-Feb-2016,33.02,33.55,32.69,33.51,20400
THRM,25-Feb-2016,40.96,41.33,40.27,41.12,214200
TILE,25-Feb-2016,15.44,15.81,13.7,15.31,1891300
TIPT,25-Feb-2016,6.3,6.39,5.86,5.9,40600
TITN,25-Feb-2016,8.94,9.04,8.71,9.01,51800
TLF,25-Feb-2016,6.95,6.96,6.95,6.96,6000
TLGT,25-Feb-2016,5.91,5.94,5.71,5.9,222400
TLT,25-Feb-2016,131.48,132.55,131.32,131.68,6097200
TMUS,25-Feb-2016,37,38.44,36.9,38.36,4313400
TNAV,25-Feb-2016,5.74,5.94,5.73,5.88,131300
TNDM,25-Feb-2016,7.12,8.08,7.04,7.89,861400
TNXP,25-Feb-2016,2800,2850,2690,2770,45100
TOPS,25-Feb-2016,9040,16840,9040,11200,320300
TOUR,25-Feb-2016,12.25,12.5,11.89,12.33,229900
TOWN,25-Feb-2016,17.4,17.62,17.27,17.58,103000
TQQQ,25-Feb-2016,14.2283,14.5417,13.8417,14.525,5408300
TRCH,25-Feb-2016,0.54,0.56,0.48,0.5,45100
TREE,25-Feb-2016,85.56,87.21,79.4,85.5,2393200
TRIB,25-Feb-2016,9.82,9.93,9.75,9.83,95000
TRIL,25-Feb-2016,7.5,7.87,7.17,7.3,136900
TRIP,25-Feb-2016,60.83,62.07,59.76,62.05,1244100
TRMB,25-Feb-2016,22.94,23.16,22.74,23.15,804400
TRMK,25-Feb-2016,22.13,22.34,21.88,22.19,294400
TRNS,25-Feb-2016,9.23,9.23,9.18,9.21,1700
TROW,25-Feb-2016,69.19,69.65,68.15,69.64,1028400
TRS,25-Feb-2016,16,17,15.79,16.15,762600
TRST,25-Feb-2016,5.67,5.72,5.6,5.72,326100
TRUE,25-Feb-2016,4.88,4.95,4.7,4.85,659800
TRVN,25-Feb-2016,8.99,9.16,8.71,9.02,313000
TSBK,25-Feb-2016,12.42,12.42,12.35,12.35,4800
TSC,25-Feb-2016,11.98,11.98,11.79,11.91,25100
TSCO,25-Feb-2016,85.92,85.92,84.21,85.5,808500
TSEM,25-Feb-2016,13.51,13.8,13.27,13.75,384400
TSLA,25-Feb-2016,178.65,188.52,175.2,187.43,5750700
TSRI,25-Feb-2016,3.87,3.87,3.87,3.87,0
TTEC,25-Feb-2016,27.92,28.31,27.86,28.19,53000
TTEK,25-Feb-2016,27.42,27.59,27.07,27.37,245000
TTGT,25-Feb-2016,6.79,6.8,6.68,6.74,55400
TTMI,25-Feb-2016,6.31,6.31,6.07,6.25,290000
TTNP,25-Feb-2016,23.82,23.88,22.68,23.28,154500
TTOO,25-Feb-2016,8.11,8.29,7.72,7.98,100900
TTPH,25-Feb-2016,87.6,92,83.2,89.2,1863400
TTWO,25-Feb-2016,35.49,35.73,35.25,35.7,904000
TUSA,25-Feb-2016,22.91,22.91,22.91,22.91,100
TWIN,25-Feb-2016,8.81,8.87,8.57,8.73,26800
TWMC,25-Feb-2016,71.2,72.6,70.2,72.4,6400
TWOU,25-Feb-2016,18.64,19.05,18.41,18.9,507700
TXN,25-Feb-2016,52.81,53.11,51.86,53.11,3917500
TXRH,25-Feb-2016,42.82,42.83,42.03,42.57,716400
TZOO,25-Feb-2016,7.89,7.89,7.54,7.7,64000
UAE,25-Feb-2016,15.34,15.55,15.34,15.55,5100
UBCP,25-Feb-2016,9.02,9.03,9.02,9.02,800
UBFO,25-Feb-2016,4.93,4.94,4.73,4.89,4000
UBOH,25-Feb-2016,17.19,17.65,16.52,17.64,7500
UBSI,25-Feb-2016,34.28,35.38,34.14,35.29,264400
UCBI,25-Feb-2016,16.71,17.14,16.66,17.13,361000
UCTT,25-Feb-2016,5.21,5.34,5.15,5.3,255100
UEIC,25-Feb-2016,53.24,53.24,51.21,52.52,84700
UEPS,25-Feb-2016,10.24,10.26,9.55,9.62,563600
UFCS,25-Feb-2016,41.85,42,40.95,41.57,88200
UFPI,25-Feb-2016,75.17,76.53,74.54,76.38,147600
UFPT,25-Feb-2016,22.19,22.95,22.12,22.18,5600
UG,25-Feb-2016,22.52,22.52,21.65,21.95,5100
UHAL,25-Feb-2016,351.07,358.61,349.75,354.44,66400
UIHC,25-Feb-2016,18.81,19.35,18.75,19.15,187900
ULBI,25-Feb-2016,5.35,5.35,5.15,5.19,8300
ULTA,25-Feb-2016,161.52,164.27,160.88,164.25,1408100
UMBF,25-Feb-2016,48.82,49.67,48.68,49.43,207300
UMPQ,25-Feb-2016,14.83,15.01,14.76,14.96,1708900
UNAM,25-Feb-2016,9.35,9.35,9.35,9.35,0
UNB,25-Feb-2016,29,29,28.33,28.76,1400
UNTY,25-Feb-2016,9.95,10.2,9.62,9.86,41200
UPLD,25-Feb-2016,6.36,6.49,5.95,6.07,24600
URBN,25-Feb-2016,26.87,27,26.16,26.5,2462600
USAK,25-Feb-2016,16.9,16.9,15.52,15.72,56700
USAP,25-Feb-2016,7.98,8.01,7.4,7.82,29200
USCR,25-Feb-2016,56.3,56.99,54.25,55.3,230200
USEG,25-Feb-2016,2.1,2.16,1.98,2.16,53200
USLB,25-Feb-2016,23.9,24.14,23.9,24.14,6500
USLM,25-Feb-2016,51.07,53.17,51.07,52.98,20000
UTHR,25-Feb-2016,128.75,129,119.05,124.83,903400
UTMD,25-Feb-2016,58.8,58.8,57.21,57.7,24700
UTSI,25-Feb-2016,2,2.15,2,2.1,10500
UVSP,25-Feb-2016,18.94,19.15,18.85,18.93,61100
VALU,25-Feb-2016,15.38,15.51,15.38,15.47,1000
VBFC,25-Feb-2016,19.52,19.52,19.52,19.52,3100
VBIV,25-Feb-2016,2.1,2.1,1.93,2.07,35000
VBLT,25-Feb-2016,3.4,3.4,3.25,3.35,27900
VBTX,25-Feb-2016,12.71,13.18,12.57,13,47800
VCEL,25-Feb-2016,2,2.01,1.9,1.95,29600
VCIT,25-Feb-2016,84.95,85.23,84.88,85.11,2424000
VCLT,25-Feb-2016,84.61,84.95,84.41,84.77,95800
VCSH,25-Feb-2016,79.11,79.28,79.08,79.25,1015600
VCYT,25-Feb-2016,6.43,6.43,5.94,6.21,24100
VECO,25-Feb-2016,17.6,17.85,17.41,17.84,296900
VGIT,25-Feb-2016,66.38,66.48,66.34,66.43,41700
VGLT,25-Feb-2016,80.96,81.57,80.84,81.12,101700
VGSH,25-Feb-2016,61.17,61.22,61.17,61.21,123600
VIAV,25-Feb-2016,6.43,6.53,6.36,6.52,1365800
VICR,25-Feb-2016,7.81,8.15,7.79,8.14,27500
VIRC,25-Feb-2016,3.36,3.36,3.36,3.36,200
VIRT,25-Feb-2016,21.16,21.9,21.02,21.82,154300
VIVO,25-Feb-2016,20.54,20.68,20.37,20.5,176600
VKTX,25-Feb-2016,1.71,2,1.57,1.68,85200
VLGEA,25-Feb-2016,25.43,26.31,25.17,26.09,21900
VMBS,25-Feb-2016,53.47,53.5,53.41,53.45,197400
VNDA,25-Feb-2016,7.69,7.93,7.61,7.74,411100
VNET,25-Feb-2016,18.27,18.41,17.8,18,566000
VNOM,25-Feb-2016,14.45,14.94,14.12,14.54,14300
VNQI,25-Feb-2016,49.43,49.77,49.18,49.76,424000
VOD,25-Feb-2016,30.35,30.79,30.08,30.67,3390300
VONE,25-Feb-2016,88.34,89.24,88.18,89.24,23200
VONG,25-Feb-2016,96.4,97.03,95.9,97.03,32400
VONV,25-Feb-2016,81.38,81.86,80.82,81.86,7100
VOXX,25-Feb-2016,3.62,3.77,3.42,3.71,120900
VRA,25-Feb-2016,15.71,15.71,15.33,15.48,318700
VRNS,25-Feb-2016,18.37,18.39,17.58,18.25,128700
VRNT,25-Feb-2016,34.84,34.98,34.13,34.95,374600
VRSK,25-Feb-2016,72.36,73.93,71.89,73.9,1747700
VRSN,25-Feb-2016,83.48,84.81,83.2,84.33,833200
VRTS,25-Feb-2016,90.79,94.58,89.51,91.34,55500
VRTU,25-Feb-2016,34.04,34.6,33.69,34.31,116700
VRTX,25-Feb-2016,87.33,88.94,84.34,85.53,1387800
VSAT,25-Feb-2016,71.1,72.25,70.68,72.19,320200
VSEC,25-Feb-2016,29.375,29.99,29.15,29.645,23500
VSTM,25-Feb-2016,1.14,1.14,1.1,1.12,181600
VTHR,25-Feb-2016,88.03,88.66,87.82,88.66,3300
VTIP,25-Feb-2016,48.53,48.59,48.48,48.57,115500
VTNR,25-Feb-2016,1.48,1.48,1.39,1.42,19100
VTVT,25-Feb-2016,6.07,6.2,6.02,6.06,30600
VTWG,25-Feb-2016,89.24,89.49,88.56,89.49,2000
VTWO,25-Feb-2016,81.54,82.09,81.22,82.03,36200
VTWV,25-Feb-2016,73.76,74.5,73.76,74.45,3700
VUZI,25-Feb-2016,5.37,5.44,5.1,5.42,65000
VVUS,25-Feb-2016,10.6,10.9,10.3,10.7,856200
VWOB,25-Feb-2016,74.66,74.66,74.4,74.55,25900
VXUS,25-Feb-2016,41.65,41.88,41.42,41.87,557500
VYGR,25-Feb-2016,9.93,10.18,9.6,9.99,27900
WABC,25-Feb-2016,44.7,45.46,44.44,45.25,124300
WAFD,25-Feb-2016,21.06,21.4,21.05,21.39,497800
WASH,25-Feb-2016,37.55,37.66,37.11,37.56,15100
WATT,25-Feb-2016,7.81,7.81,7.11,7.38,380300
WB,25-Feb-2016,14.94,15.1,14.21,15.01,645700
WBA,25-Feb-2016,79.48,79.94,78.56,79.92,3355700
WDAY,25-Feb-2016,58.94,61.4,57.26,59.38,3490200
WDC,25-Feb-2016,43.68,44.26,42.18,43.99,4806100
WDFC,25-Feb-2016,107.86,108.77,107.31,108.65,54000
WEN,25-Feb-2016,9.5,9.59,9.3,9.4,2968300
WERN,25-Feb-2016,26.74,27.24,26.15,26.75,594900
WETF,25-Feb-2016,11.54,11.92,11.19,11.61,1233900
WEYS,25-Feb-2016,26.5,26.82,26.5,26.82,1500
WHF,25-Feb-2016,9.43,9.58,9.4,9.51,17600
WHLM,25-Feb-2016,6.03,6.03,6.03,6.03,0
WHLR,25-Feb-2016,9.2,9.52,8.8,9.12,66500
WHLRP,25-Feb-2016,19.06,19.48,18.71,18.71,1300
WIFI,25-Feb-2016,6,6.37,6,6.29,555700
WINA,25-Feb-2016,98.26,99,95.23,99,3200
WING,25-Feb-2016,22.67,23.11,22.28,23.09,60200
WINS,25-Feb-2016,10.55,11.24,10.55,11.03,5100
WIRE,25-Feb-2016,35.25,35.83,34.31,35.68,95200
WIX,25-Feb-2016,19.42,19.52,18.98,19,154900
WKHS,25-Feb-2016,5.14,5.37,5.08,5.23,8700
WLDN,25-Feb-2016,7.59,7.81,7.44,7.45,15800
WLFC,25-Feb-2016,19.23,19.68,18.81,19.36,11400
WLTW,25-Feb-2016,111.6,112.99,110.75,112.88,559800
WMGI,25-Feb-2016,17.69,18,17.05,17.69,1326900
WOOD,25-Feb-2016,41.3,41.37,41.09,41.28,6200
WPRT,25-Feb-2016,1.9,1.95,1.86,1.93,168500
WRLD,25-Feb-2016,33.59,33.77,32.93,33.67,79800
WSBC,25-Feb-2016,27.9,28.24,27.75,27.99,41300
WSBF,25-Feb-2016,13.84,13.98,13.81,13.94,34400
WSFS,25-Feb-2016,29.23,29.86,29.23,29.86,96600
WSTG,25-Feb-2016,16.39,16.48,16.14,16.47,2200
WSTL,25-Feb-2016,4.68,4.8,4.6,4.68,10800
WTBA,25-Feb-2016,17.63,17.91,17.36,17.81,12800
WTFC,25-Feb-2016,42.17,42.6,40.22,42.44,402000
WTFCM,25-Feb-2016,26.09,26.97,26.08,26.97,11200
WVE,25-Feb-2016,12.96,14.8,12.88,14.7,5500
WVFC,25-Feb-2016,11.61,11.61,11.61,11.61,0
WVVI,25-Feb-2016,6.98,7.02,6.98,7.02,1400
WWD,25-Feb-2016,46.72,46.9,45.96,46.76,196400
WYNN,25-Feb-2016,78.92,80.8,77.8,80.63,2670500
XBIT,25-Feb-2016,7.92,7.96,7.32,7.57,46000
XELB,25-Feb-2016,5.05,5.1,4.72,5.05,8900
XENE,25-Feb-2016,7.43,7.43,7.07,7.31,3200
XENT,25-Feb-2016,18.58,18.99,18.05,18.71,167900
XLNX,25-Feb-2016,47.73,48.26,47.22,48.25,2388000
XLRN,25-Feb-2016,26.14,26.24,23.74,24.18,476600
XNCR,25-Feb-2016,11.24,11.27,10.93,11.04,121300
XNET,25-Feb-2016,5.7,5.75,5.45,5.54,135000
XOMA,25-Feb-2016,15.6,15.6,15,15.2,730800
XONE,25-Feb-2016,8.92,9.02,8.61,8.86,107500
XRAY,25-Feb-2016,59.14,60.9,58.84,60.74,3227200
XTLB,25-Feb-2016,6.5,6.5,6.5,6.5,0
YLCO,25-Feb-2016,9.52,9.52,9.28,9.28,1200
YNDX,25-Feb-2016,12.99,13.15,12.68,12.88,1692800
YORW,25-Feb-2016,28.29,28.29,27.62,27.98,22700
YRCW,25-Feb-2016,7.91,8.08,7.7,8,563800
YY,25-Feb-2016,52.21,52.57,50.61,52.37,646200
Z,25-Feb-2016,20.34,21.25,20.34,21,1736100
ZAGG,25-Feb-2016,10.32,10.4,9.87,9.99,372700
ZBRA,25-Feb-2016,69.37,70.29,58.62,59.78,2665500
ZEUS,25-Feb-2016,9.79,10.48,9.51,10.32,86500
ZG,25-Feb-2016,21.19,22.36,21.19,22.3,765400
ZGNX,25-Feb-2016,10.28,10.75,10.25,10.41,199200
ZION,25-Feb-2016,20.79,21.25,20.41,21.23,3852200
ZIOP,25-Feb-2016,7.97,8.12,7.54,7.59,2622700
ZIXI,25-Feb-2016,3.9,3.97,3.83,3.95,321000
ZN,25-Feb-2016,1.78,1.78,1.75,1.77,16700
ZNGA,25-Feb-2016,2.06,2.19,2.06,2.14,10579900
ZSAN,25-Feb-2016,47.6,47.8,43.2,46.4,3700
ZUMZ,25-Feb-2016,20.75,20.75,20.13,20.72,399600
ZYNE,25-Feb-2016,5.99,6.17,5.85,5.94,117700
